theta_2,theta_1,omega_n,A
1.5269050859054667,2.6,6.283185307179586,
1.5243520517817317,2.585858585858586,6.283185307179586,
1.5217801156692654,2.571717171717172,6.283185307179586,
1.5191891107497117,2.557575757575758,6.283185307179586,
1.5165788698396891,2.543434343434344,6.283185307179586,
1.5151515151515151,2.5357680066031456,6.283185307179586,
1.5139605927617832,2.529292929292929,6.283185307179586,
1.5113362688803915,2.515151515151515,6.283185307179586,
1.508692171845364,2.5010101010101016,6.283185307179586,
1.5060281269879658,2.4868686868686867,6.283185307179586,
1.5033439594629683,2.472727272727272,6.283185307179586,
1.501010101010101,2.4605285128005328,6.283185307179586,
1.500642985048783,2.458585858585859,6.283185307179586,
1.497943578338039,2.4444444444444446,6.283185307179586,
1.495223474811509,2.43030303030303,6.283185307179586,
1.4924824919845254,2.416161616161616,6.283185307179586,
1.4897204474558807,2.4020202020202026,6.283185307179586,
1.4869371590543248,2.3878787878787877,6.283185307179586,
1.486868686868687,2.387534576964864,6.283185307179586,
1.4841579617782084,2.3737373737373737,6.283185307179586,
1.4813577306806458,2.35959595959596,6.283185307179586,
1.4785356339236018,2.3454545454545452,6.283185307179586,
1.4756914818658187,2.3313131313131312,6.283185307179586,
1.4728250854896061,2.3171717171717177,6.283185307179586,
1.4727272727272729,2.3166943933369053,6.283185307179586,
1.4699621107881193,2.303030303030303,6.283185307179586,
1.4670773354278537,2.2888888888888888,6.283185307179586,
1.4641696511615643,2.2747474747474747,6.283185307179586,
1.4612388617201435,2.2606060606060607,6.283185307179586,
1.4585858585858584,2.2479103269843823,6.283185307179586,
1.4582875547537049,2.2464646464646463,6.283185307179586,
1.4553373095396676,2.2323232323232323,6.283185307179586,
1.4523632574024175,2.2181818181818183,6.283185307179586,
1.4493651949051036,2.204040404040404,6.283185307179586,
1.4463429201787585,2.18989898989899,6.283185307179586,
1.4444444444444444,2.1810989289507896,6.283185307179586,
1.4433067447836163,2.1757575757575762,6.283185307179586,
1.4402633099562412,2.1616161616161618,6.283185307179586,
1.4371949131738726,2.1474747474747473,6.283185307179586,
1.4341013461345264,2.1333333333333337,6.283185307179586,
1.4309824029798204,2.1191919191919193,6.283185307179586,
1.4303030303030304,2.1161457412206426,6.283185307179586,
1.4278601873613235,2.105050505050505,6.283185307179586,
1.4247182012127937,2.090909090909091,6.283185307179586,
1.4215500389399982,2.076767676767677,6.283185307179586,
1.418355489495967,2.0626262626262624,6.283185307179586,
1.4161616161616162,2.0530069661980823,6.283185307179586,
1.415143583317151,2.0484848484848484,6.283185307179586,
1.4119245457382457,2.034343434343435,6.283185307179586,
1.4086782768683812,2.0202020202020203,6.283185307179586,
1.4054045614548223,2.006060606060606,6.283185307179586,
1.402103188861734,1.9919191919191925,6.283185307179586,
1.4020202020202022,1.9915681480131,6.283185307179586,
1.3988026767217612,1.9777777777777779,6.283185307179586,
1.3954745684216596,1.9636363636363634,6.283185307179586,
1.3921179052922898,1.9494949494949494,6.283185307179586,
1.3887324751284904,1.9353535353535354,6.283185307179586,
1.3878787878787877,1.9318296423239725,6.283185307179586,
1.3853405044401137,1.9212121212121211,6.283185307179586,
1.3819265895269992,1.907070707070707,6.283185307179586,
1.3784829627957162,1.8929292929292931,6.283185307179586,
1.3750094127316386,1.8787878787878787,6.283185307179586,
1.3737373737373737,1.8736690901176525,6.283185307179586,
1.3715250526584657,1.8646464646464647,6.283185307179586,
1.3680211173662427,1.8505050505050507,6.283185307179586,
1.3644862659310353,1.836363636363636,6.283185307179586,
1.360920290602078,1.8222222222222224,6.283185307179586,
1.3595959595959597,1.817032441419546,6.283185307179586,
1.3573423886171605,1.808080808080808,6.283185307179586,
1.3537439617493197,1.793939393939394,6.283185307179586,
1.35011337008871,1.77979797979798,6.283185307179586,
1.3464504138035933,1.7656565656565655,6.283185307179586,
1.3454545454545455,1.7618603407018767,6.283185307179586,
1.3427775510445679,1.7515151515151515,6.283185307179586,
1.3390798955996264,1.7373737373737372,6.283185307179586,
1.3353487877166321,1.723232323232323,6.283185307179586,
1.3315840410842936,1.709090909090909,6.283185307179586,
1.3313131313131314,1.7080875646681404,6.283185307179586,
1.3278144782529333,1.6949494949494948,6.283185307179586,
1.3240125871080892,1.680808080808081,6.283185307179586,
1.3201759254753542,1.6666666666666667,6.283185307179586,
1.317171717171717,1.6557077760804209,6.283185307179586,
1.316311394463797,1.6525252525252525,6.283185307179586,
1.312435939633596,1.6383838383838385,6.283185307179586,
1.308524537599646,1.624242424242424,6.283185307179586,
1.3045770298023924,1.6101010101010098,6.283185307179586,
1.303030303030303,1.6046312318717466,6.283185307179586,
1.3006126020243256,1.595959595959596,6.283185307179586,
1.2966234757706416,1.5818181818181818,6.283185307179586,
1.2925970313985888,1.5676767676767678,6.283185307179586,
1.288888888888889,1.5547805671163535,6.283185307179586,
1.2885359305271369,1.5535353535353533,6.283185307179586,
1.2844659288459108,1.5393939393939393,6.283185307179586,
1.2803573552784027,1.5252525252525255,6.283185307179586,
1.2762101073798482,1.511111111111111,6.283185307179586,
1.2747474747474747,1.506192143835613,6.283185307179586,
1.2720446444325284,1.496969696969697,6.283185307179586,
1.2678505746041249,1.4828282828282826,6.283185307179586,
1.263616560875727,1.4686868686868686,6.283185307179586,
1.2606060606060605,1.4587473685016006,6.283185307179586,
1.2593518950537177,1.4545454545454546,6.283185307179586,
1.255068780123683,1.4404040404040404,6.283185307179586,
1.250744422460842,1.4262626262626261,6.283185307179586,
1.2464646464646467,1.4124012976355091,6.283185307179586,
1.2463794424582124,1.412121212121212,6.283185307179586,
1.2420035455989653,1.3979797979797979,6.283185307179586,
1.237585084610549,1.3838383838383839,6.283185307179586,
1.233124110000977,1.3696969696969696,6.283185307179586,
1.2323232323232325,1.3671990148724382,6.283185307179586,
1.2286458924165453,1.3555555555555554,6.283185307179586,
1.2241293858262101,1.3414141414141414,6.283185307179586,
1.2195690929391008,1.3272727272727272,6.283185307179586,
1.218181818181818,1.3230373086213254,6.283185307179586,
1.2149862542799243,1.3131313131313131,6.283185307179586,
1.2103675790304176,1.2989898989898987,6.283185307179586,
1.2057038617377718,1.2848484848484847,6.283185307179586,
1.204040404040404,1.279882037545755,6.283185307179586,
1.201014443386121,1.2707070707070707,6.283185307179586,
1.1962893031317599,1.2565656565656562,6.283185307179586,
1.1915179048864457,1.2424242424242422,6.283185307179586,
1.18989898989899,1.2377023906060103,6.283185307179586,
1.1867196202308756,1.2282828282828284,6.283185307179586,
1.181883560592716,1.214141414141414,6.283185307179586,
1.1770000978882669,1.2,6.283185307179586,
1.2442371188020036,2.5999999999999996,7.5398223686155035,
1.2427645963106562,2.585858585858586,7.5398223686155035,
1.241280208314803,2.571717171717172,7.5398223686155035,
1.2397838216625507,2.557575757575758,7.5398223686155035,
1.2382753015297099,2.5434343434343436,7.5398223686155035,
1.2367545114069556,2.529292929292929,7.5398223686155035,
1.2352213130876837,2.515151515151515,7.5398223686155035,
1.2336755666566224,2.5010101010101016,7.5398223686155035,
1.2323232323232325,2.4887422926422333,7.5398223686155035,
1.2321198555982211,2.4868686868686867,7.5398223686155035,
1.2305693080748175,2.4727272727272727,7.5398223686155035,
1.2290058562949846,2.458585858585859,7.5398223686155035,
1.2274293517956851,2.4444444444444446,7.5398223686155035,
1.225839644252393,2.43030303030303,7.5398223686155035,
1.224236581468488,2.416161616161616,7.5398223686155035,
1.2226200093658086,2.4020202020202026,7.5398223686155035,
1.220989771976458,2.3878787878787877,7.5398223686155035,
1.2193457114359934,2.3737373737373737,7.5398223686155035,
1.218181818181818,2.3638174042399345,7.5398223686155035,
1.2176941723837553,2.35959595959596,7.5398223686155035,
1.216043920294082,2.3454545454545452,7.5398223686155035,
1.2143794297495563,2.3313131313131312,7.5398223686155035,
1.2127005328728098,2.3171717171717177,7.5398223686155035,
1.211007059725144,2.303030303030303,7.5398223686155035,
1.2092988383028358,2.2888888888888888,7.5398223686155035,
1.2075756945355158,2.2747474747474747,7.5398223686155035,
1.2058374522868096,2.2606060606060607,7.5398223686155035,
1.2040839333574531,2.2464646464646463,7.5398223686155035,
1.204040404040404,2.246117535757018,7.5398223686155035,
1.2023375115377832,2.2323232323232323,7.5398223686155035,
1.2005760848001448,2.2181818181818183,7.5398223686155035,
1.1987988947923736,2.204040404040404,7.5398223686155035,
1.197005751611539,2.18989898989899,7.5398223686155035,
1.195196463126705,2.1757575757575767,7.5398223686155035,
1.1933708349897063,2.1616161616161618,7.5398223686155035,
1.191528670649652,2.1474747474747473,7.5398223686155035,
1.18989898989899,2.135081337538394,7.5398223686155035,
1.1896727578881647,2.1333333333333337,7.5398223686155035,
1.1878212700934692,2.1191919191919193,7.5398223686155035,
1.1859526957624245,2.105050505050505,7.5398223686155035,
1.1840668251022215,2.090909090909091,7.5398223686155035,
1.1821634459592736,2.076767676767677,7.5398223686155035,
1.1802423438468763,2.0626262626262624,7.5398223686155035,
1.1783033019785147,2.0484848484848484,7.5398223686155035,
1.1763461013073233,2.034343434343435,7.5398223686155035,
1.175757575757576,2.030139755233143,7.5398223686155035,
1.1743884304841588,2.0202020202020203,7.5398223686155035,
1.172419823854431,2.006060606060606,7.5398223686155035,
1.1704324212632113,1.9919191919191923,7.5398223686155035,
1.1684259885593418,1.9777777777777779,7.5398223686155035,
1.1664002892167902,1.9636363636363634,7.5398223686155035,
1.1643550843987904,1.9494949494949492,7.5398223686155035,
1.1622901330314601,1.9353535353535352,7.5398223686155035,
1.1616161616161615,1.9307925764336347,7.5398223686155035,
1.1602232635825513,1.9212121212121211,7.5398223686155035,
1.1581448480227339,1.907070707070707,7.5398223686155035,
1.156045960580611,1.892929292929293,7.5398223686155035,
1.1539263433084685,1.8787878787878787,7.5398223686155035,
1.1517857359830317,1.8646464646464649,7.5398223686155035,
1.1496238762201918,1.8505050505050509,7.5398223686155035,
1.1474747474747473,1.8365862466102936,7.5398223686155035,
1.1474409355540525,1.8363636363636362,7.5398223686155035,
1.1452637017148246,1.8222222222222222,7.5398223686155035,
1.1430644040921882,1.808080808080808,7.5398223686155035,
1.1408427617736758,1.793939393939394,7.5398223686155035,
1.1385984917508236,1.77979797979798,7.5398223686155035,
1.136331309095925,1.7656565656565655,7.5398223686155035,
1.1340409271603438,1.7515151515151515,7.5398223686155035,
1.1333333333333337,1.747202625996426,7.5398223686155035,
1.131747212428938,1.7373737373737372,7.5398223686155035,
1.129438605183616,1.7232323232323232,7.5398223686155035,
1.1271058706796642,1.7090909090909092,7.5398223686155035,
1.1247487021934348,1.694949494949495,7.5398223686155035,
1.1223667915951925,1.6808080808080805,7.5398223686155035,
1.1199598296523325,1.6666666666666667,7.5398223686155035,
1.1191919191919193,1.6622153986987165,7.5398223686155035,
1.1175481299573078,1.6525252525252525,7.5398223686155035,
1.115120244711279,1.6383838383838385,7.5398223686155035,
1.112666266255152,1.624242424242424,7.5398223686155035,
1.1101858641560782,1.61010101010101,7.5398223686155035,
1.1076787075326524,1.595959595959596,7.5398223686155035,
1.1051444655204363,1.5818181818181818,7.5398223686155035,
1.1050505050505053,1.581301869846957,7.5398223686155035,
1.1026128796862438,1.567676767676768,7.5398223686155035,
1.1000545446835197,1.5535353535353533,7.5398223686155035,
1.0974679536971554,1.539393939393939,7.5398223686155035,
1.094852754333263,1.5252525252525253,7.5398223686155035,
1.0922085954368133,1.511111111111111,7.5398223686155035,
1.0909090909090908,1.5042556354681467,7.5398223686155035,
1.0895516560198233,1.496969696969697,7.5398223686155035,
1.0868806098086339,1.4828282828282826,7.5398223686155035,
1.084179313063316,1.4686868686868686,7.5398223686155035,
1.081447393198121,1.4545454545454546,7.5398223686155035,
1.0786844807500162,1.4404040404040404,7.5398223686155035,
1.0767676767676766,1.4307205259658136,7.5398223686155035,
1.0759005900619882,1.4262626262626261,7.5398223686155035,
1.073107578200355,1.412121212121212,7.5398223686155035,
1.0702821498205586,1.3979797979797979,7.5398223686155035,
1.067423915426803,1.3838383838383839,7.5398223686155035,
1.0645324915353778,1.3696969696969696,7.5398223686155035,
1.0626262626262626,1.3605006799817023,7.5398223686155035,
1.0616192943345668,1.3555555555555554,7.5398223686155035,
1.0586940685021617,1.3414141414141414,7.5398223686155035,
1.055734084243453,1.3272727272727272,7.5398223686155035,
1.052738941655443,1.3131313131313131,7.5398223686155035,
1.049708251284396,1.2989898989898987,7.5398223686155035,
1.0484848484848486,1.2933711209943126,7.5398223686155035,
1.046662380984487,1.2848484848484847,7.5398223686155035,
1.043593610030745,1.2707070707070707,7.5398223686155035,
1.0404875674966192,1.2565656565656564,7.5398223686155035,
1.0373438548689184,1.2424242424242422,7.5398223686155035,
1.0343434343434343,1.2290943413033018,7.5398223686155035,
1.0341640911886218,1.2282828282828284,7.5398223686155035,
1.030978825955029,1.214141414141414,7.5398223686155035,
1.0277540267758727,1.2,7.5398223686155035,
1.0208762297884686,2.6,8.79645943005142,
1.02020202020202,2.5884593885200498,8.79645943005142,
1.0200529438857304,2.585858585858586,8.79645943005142,
1.019234477240343,2.571717171717172,8.79645943005142,
1.018409059574879,2.557575757575758,8.79645943005142,
1.0175766047228205,2.543434343434344,8.79645943005142,
1.0167370251620391,2.529292929292929,8.79645943005142,
1.0158902319906458,2.515151515151515,8.79645943005142,
1.0150361349024395,2.5010101010101016,8.79645943005142,
1.014174642161954,2.4868686868686867,8.79645943005142,
1.0133056605791033,2.4727272727272727,8.79645943005142,
1.0124290954834214,2.4585858585858595,8.79645943005142,
1.0115448506979068,2.4444444444444446,8.79645943005142,
1.0106528285124616,2.43030303030303,8.79645943005142,
1.0097529296569374,2.416161616161616,8.79645943005142,
1.0088450532737885,2.4020202020202026,8.79645943005142,
1.0079290968903334,2.3878787878787877,8.79645943005142,
1.0070049563906396,2.3737373737373733,8.79645943005142,
1.0060725259870251,2.35959595959596,8.79645943005142,
1.0060606060606059,2.359417124467373,8.79645943005142,
1.0051476819425367,2.3454545454545452,8.79645943005142,
1.004214631052159,2.3313131313131312,8.79645943005142,
1.0032730569197745,2.3171717171717177,8.79645943005142,
1.002322846750119,2.303030303030303,8.79645943005142,
1.001363885886173,2.2888888888888888,8.79645943005142,
1.0003960577760576,2.2747474747474747,8.79645943005142,
0.9994192439395033,2.2606060606060607,8.79645943005142,
0.998433323933911,2.2464646464646463,8.79645943005142,
0.9974381753200119,2.2323232323232323,8.79645943005142,
0.9964336736271506,2.2181818181818183,8.79645943005142,
0.9954196923182139,2.204040404040404,8.79645943005142,
0.9943961027542212,2.18989898989899,8.79645943005142,
0.9933627741586135,2.1757575757575762,8.79645943005142,
0.9923195735812654,2.1616161616161613,8.79645943005142,
0.991919191919192,2.156247552587767,8.79645943005142,
0.9912775351227266,2.1474747474747473,8.79645943005142,
0.9902323178500592,2.1333333333333337,8.79645943005142,
0.989176918142864,2.1191919191919193,8.79645943005142,
0.9881111934595865,2.105050505050505,8.79645943005142,
0.9870349988212608,2.090909090909091,8.79645943005142,
0.9859481867697184,2.076767676767677,8.79645943005142,
0.9848506073255606,2.0626262626262624,8.79645943005142,
0.9837421079459475,2.0484848484848484,8.79645943005142,
0.9826225334822606,2.034343434343435,8.79645943005142,
0.9814917261377104,2.0202020202020203,8.79645943005142,
0.9803495254249568,2.006060606060606,8.79645943005142,
0.9791957681238288,1.9919191919191923,8.79645943005142,
0.9780302882392373,1.9777777777777776,8.79645943005142,
0.9777777777777777,1.9747510062711435,8.79645943005142,
0.9768686088108433,1.9636363636363634,8.79645943005142,
0.9756992671334114,1.9494949494949494,8.79645943005142,
0.9745177926910547,1.9353535353535354,8.79645943005142,
0.9733240064929028,1.9212121212121211,8.79645943005142,
0.9721177264176275,1.907070707070707,8.79645943005142,
0.9708987671652913,1.892929292929293,8.79645943005142,
0.9696669402097386,1.8787878787878787,8.79645943005142,
0.9684220537516723,1.8646464646464644,8.79645943005142,
0.967163912672605,1.8505050505050507,8.79645943005142,
0.9658923184898693,1.836363636363636,8.79645943005142,
0.9646070693129114,1.8222222222222222,8.79645943005142,
0.9636363636363636,1.8116636014546745,8.79645943005142,
0.9633134852143717,1.808080808080808,8.79645943005142,
0.9620223178214846,1.793939393939394,8.79645943005142,
0.9607169718193306,1.77979797979798,8.79645943005142,
0.9593972283707803,1.7656565656565655,8.79645943005142,
0.9580628647794314,1.7515151515151515,8.79645943005142,
0.9567136544419703,1.7373737373737372,8.79645943005142,
0.9553493668028765,1.7232323232323234,8.79645943005142,
0.9539697673118489,1.7090909090909092,8.79645943005142,
0.9525746173843861,1.694949494949495,8.79645943005142,
0.9511636743659821,1.6808080808080808,8.79645943005142,
0.9497366915004668,1.6666666666666667,8.79645943005142,
0.9494949494949494,1.66430492041103,8.79645943005142,
0.9483133520379031,1.6525252525252525,8.79645943005142,
0.9468775852212266,1.6383838383838385,8.79645943005142,
0.9454251012457234,1.624242424242424,8.79645943005142,
0.9439556311481265,1.61010101010101,8.79645943005142,
0.9424689013202028,1.595959595959596,8.79645943005142,
0.9409646334828481,1.5818181818181818,8.79645943005142,
0.939442544667344,1.567676767676768,8.79645943005142,
0.9379023472047416,1.5535353535353533,8.79645943005142,
0.9363437487244357,1.5393939393939395,8.79645943005142,
0.9353535353535355,1.5305293414691143,8.79645943005142,
0.9347760676112333,1.5252525252525253,8.79645943005142,
0.9332057505828553,1.511111111111111,8.79645943005142,
0.9316161915884952,1.496969696969697,8.79645943005142,
0.9300070704756422,1.4828282828282826,8.79645943005142,
0.9283780617986838,1.4686868686868686,8.79645943005142,
0.9267288348440428,1.4545454545454546,8.79645943005142,
0.9250590536713108,1.4404040404040401,8.79645943005142,
0.9233683771724255,1.4262626262626261,8.79645943005142,
0.9216564591511812,1.412121212121212,8.79645943005142,
0.9212121212121214,1.408509009256215,8.79645943005142,
0.9199436486631203,1.3979797979797979,8.79645943005142,
0.9182160923233232,1.3838383838383839,8.79645943005142,
0.9164662400395456,1.3696969696969696,8.79645943005142,
0.9146937110867603,1.3555555555555554,8.79645943005142,
0.9128981191401768,1.3414141414141412,8.79645943005142,
0.9110790724342219,1.3272727272727272,8.79645943005142,
0.9092361739577411,1.3131313131313131,8.79645943005142,
0.9073690216900516,1.2989898989898987,8.79645943005142,
0.907070707070707,1.2967700829452855,8.79645943005142,
0.9055022225719436,1.2848484848484847,8.79645943005142,
0.9036150264754619,1.2707070707070707,8.79645943005142,
0.901702279656236,1.2565656565656564,8.79645943005142,
0.8997635386779114,1.2424242424242422,8.79645943005142,
0.8977983549140748,1.2282828282828284,8.79645943005142,
0.8958062749711815,1.214141414141414,8.79645943005142,
0.8937868411868191,1.2,8.79645943005142,
0.8457358114806074,2.5999999999999996,10.053096491487338,
0.8453146925984631,2.585858585858586,10.053096491487338,
0.8448899103836752,2.571717171717172,10.053096491487338,
0.8444614174792379,2.557575757575758,10.053096491487338,
0.8440291657245986,2.543434343434344,10.053096491487338,
0.8435931061390587,2.529292929292929,10.053096491487338,
0.8431531889047801,2.515151515151515,10.053096491487338,
0.8427093633493894,2.5010101010101016,10.053096491487338,
0.8422615779281696,2.4868686868686867,10.053096491487338,
0.8418097802058275,2.4727272727272727,10.053096491487338,
0.841353916837827,2.458585858585859,10.053096491487338,
0.8408939335512773,2.4444444444444446,10.053096491487338,
0.8404297751253654,2.43030303030303,10.053096491487338,
0.8399613853713199,2.4161616161616157,10.053096491487338,
0.8394887071118978,2.4020202020202026,10.053096491487338,
0.8390116821603771,2.3878787878787877,10.053096491487338,
0.8385302512990489,2.3737373737373737,10.053096491487338,
0.8380443542571926,2.3595959595959597,10.053096491487338,
0.837553929688525,2.3454545454545452,10.053096491487338,
0.8370589151481049,2.3313131313131312,10.053096491487338,
0.8365592470686887,2.317171717171717,10.053096491487338,
0.8363636363636364,2.311692851479245,10.053096491487338,
0.8360615404031881,2.303030303030303,10.053096491487338,
0.8355633650126492,2.2888888888888888,10.053096491487338,
0.8350604181586677,2.2747474747474747,10.053096491487338,
0.834552632113861,2.2606060606060607,10.053096491487338,
0.8340399378957746,2.2464646464646463,10.053096491487338,
0.833522265238873,2.2323232323232323,10.053096491487338,
0.8329995425658256,2.2181818181818183,10.053096491487338,
0.8324716969580805,2.204040404040404,10.053096491487338,
0.8319386541257007,2.18989898989899,10.053096491487338,
0.8314003383764482,2.1757575757575762,10.053096491487338,
0.8308566725840969,2.1616161616161618,10.053096491487338,
0.8303075781559581,2.1474747474747473,10.053096491487338,
0.8297529749995936,2.1333333333333337,10.053096491487338,
0.8291927814887041,2.1191919191919193,10.053096491487338,
0.8286269144281728,2.105050505050505,10.053096491487338,
0.8280552890182385,2.090909090909091,10.053096491487338,
0.8274778188177878,2.076767676767677,10.053096491487338,
0.8268944157067408,2.0626262626262624,10.053096491487338,
0.8263049898475139,2.0484848484848484,10.053096491487338,
0.8257094496455386,2.034343434343435,10.053096491487338,
0.8251077017088178,2.0202020202020203,10.053096491487338,
0.8244996508065019,2.006060606060606,10.053096491487338,
0.8238851998264625,1.9919191919191923,10.053096491487338,
0.8232642497318493,1.9777777777777779,10.053096491487338,
0.8226366995166099,1.9636363636363636,10.053096491487338,
0.822222222222222,1.954402113667792,10.053096491487338,
0.8220071429200333,1.9494949494949494,10.053096491487338,
0.8213797513001209,1.9353535353535354,10.053096491487338,
0.8207455460648159,1.9212121212121211,10.053096491487338,
0.8201044182651711,1.907070707070707,10.053096491487338,
0.8194562567082995,1.892929292929293,10.053096491487338,
0.818800947903366,1.8787878787878787,10.053096491487338,
0.8181383760062362,1.8646464646464644,10.053096491487338,
0.817468422762764,1.8505050505050507,10.053096491487338,
0.8167909674506929,1.8363636363636362,10.053096491487338,
0.8161058868201556,1.822222222222222,10.053096491487338,
0.815413055032747,1.808080808080808,10.053096491487338,
0.8147123435991583,1.793939393939394,10.053096491487338,
0.8140036213153561,1.77979797979798,10.053096491487338,
0.813286754197293,1.7656565656565655,10.053096491487338,
0.8125616054141441,1.7515151515151515,10.053096491487338,
0.8118280352200575,1.7373737373737372,10.053096491487338,
0.8110859008844244,1.723232323232323,10.053096491487338,
0.8103350566206646,1.7090909090909092,10.053096491487338,
0.8095753535135393,1.6949494949494948,10.053096491487338,
0.808806639445004,1.6808080808080808,10.053096491487338,
0.8080808080808081,1.6676154344234557,10.053096491487338,
0.8080298537469885,1.6666666666666667,10.053096491487338,
0.8072591637907476,1.6525252525252525,10.053096491487338,
0.8064791057956723,1.6383838383838385,10.053096491487338,
0.8056895136019574,1.624242424242424,10.053096491487338,
0.8048902173317846,1.61010101010101,10.053096491487338,
0.8040810432974173,1.595959595959596,10.053096491487338,
0.8032618139074365,1.5818181818181818,10.053096491487338,
0.8024323475711586,1.5676767676767678,10.053096491487338,
0.8015924586012815,1.5535353535353533,10.053096491487338,
0.8007419571148318,1.5393939393939393,10.053096491487338,
0.7998806489324809,1.5252525252525255,10.053096491487338,
0.799008335476342,1.511111111111111,10.053096491487338,
0.7981248136663533,1.4969696969696968,10.053096491487338,
0.7972298758153976,1.4828282828282826,10.053096491487338,
0.7963233095233212,1.4686868686868686,10.053096491487338,
0.795404897570046,1.4545454545454546,10.053096491487338,
0.7944744178080134,1.4404040404040404,10.053096491487338,
0.793939393939394,1.4323919001172385,10.053096491487338,
0.793540026372646,1.4262626262626261,10.053096491487338,
0.7926042696852391,1.412121212121212,10.053096491487338,
0.7916558708556055,1.3979797979797979,10.053096491487338,
0.7906945839555792,1.3838383838383839,10.053096491487338,
0.7897201572325043,1.3696969696969696,10.053096491487338,
0.7887323329750611,1.3555555555555554,10.053096491487338,
0.787730847378838,1.3414141414141414,10.053096491487338,
0.7867154304121147,1.3272727272727272,10.053096491487338,
0.7856858056824003,1.3131313131313131,10.053096491487338,
0.7846416903043525,1.2989898989898987,10.053096491487338,
0.7835827947698039,1.2848484848484847,10.053096491487338,
0.7825088228207265,1.2707070707070707,10.053096491487338,
0.7814194713260993,1.2565656565656567,10.053096491487338,
0.7803144301637777,1.2424242424242422,10.053096491487338,
0.7797979797979797,1.235926594867525,10.053096491487338,
0.779205455628452,1.2282828282828284,10.053096491487338,
0.7780906178493125,1.214141414141414,10.053096491487338,
0.776959214509957,1.2,10.053096491487338,
0.708028648617238,2.6,11.309733552923255,
0.7078456420678035,2.585858585858586,11.309733552923255,
0.7076610098428736,2.571717171717172,11.309733552923255,
0.7074747302908629,2.5575757575757576,11.309733552923255,
0.7072867813764947,2.543434343434344,11.309733552923255,
0.7070971406723422,2.529292929292929,11.309733552923255,
0.7069057853501408,2.515151515151515,11.309733552923255,
0.7067126921718775,2.5010101010101016,11.309733552923255,
0.7065178374806371,2.4868686868686867,11.309733552923255,
0.7063211971912161,2.4727272727272727,11.309733552923255,
0.706122746780474,2.458585858585859,11.309733552923255,
0.7059224612774342,2.4444444444444446,11.309733552923255,
0.7057203152531177,2.43030303030303,11.309733552923255,
0.7055162828100991,2.416161616161616,11.309733552923255,
0.7053103375717842,2.4020202020202026,11.309733552923255,
0.7051024526713912,2.3878787878787877,11.309733552923255,
0.7048926007406348,2.3737373737373737,11.309733552923255,
0.7046807538980987,2.35959595959596,11.309733552923255,
0.7044668837372884,2.3454545454545452,11.309733552923255,
0.7042509613143523,2.3313131313131312,11.309733552923255,
0.7040329571354657,2.3171717171717177,11.309733552923255,
0.7038128411438597,2.303030303030303,11.309733552923255,
0.7035905827064908,2.2888888888888888,11.309733552923255,
0.7033661506003346,2.2747474747474747,11.309733552923255,
0.7031395129982931,2.2606060606060607,11.309733552923255,
0.702910637454706,2.2464646464646463,11.309733552923255,
0.7026794908904479,2.2323232323232323,11.309733552923255,
0.7024460395776024,2.2181818181818183,11.309733552923255,
0.7022102491236973,2.204040404040404,11.309733552923255,
0.701972084455488,2.18989898989899,11.309733552923255,
0.7017315098022723,2.1757575757575762,11.309733552923255,
0.7014884886787225,2.1616161616161618,11.309733552923255,
0.7012429838672221,2.1474747474747473,11.309733552923255,
0.700994957399682,2.1333333333333337,11.309733552923255,
0.7007443705388297,2.1191919191919197,11.309733552923255,
0.700491183758946,2.105050505050505,11.309733552923255,
0.7002353567260362,2.090909090909091,11.309733552923255,
0.6999768482774128,2.076767676767677,11.309733552923255,
0.6997156164006726,2.0626262626262624,11.309733552923255,
0.6994516182120482,2.0484848484848484,11.309733552923255,
0.6991848099341106,2.034343434343435,11.309733552923255,
0.698915146872805,2.0202020202020203,11.309733552923255,
0.6986425833937924,2.006060606060606,11.309733552923255,
0.6983670728980779,1.9919191919191923,11.309733552923255,
0.6980885677968998,1.9777777777777779,11.309733552923255,
0.6978070194858543,1.9636363636363634,11.309733552923255,
0.6975223783182316,1.9494949494949494,11.309733552923255,
0.6972345935775336,1.9353535353535354,11.309733552923255,
0.6969436134491486,1.9212121212121211,11.309733552923255,
0.6966493849911537,1.9070707070707067,11.309733552923255,
0.6963518541042133,1.892929292929293,11.309733552923255,
0.6960509655005442,1.8787878787878787,11.309733552923255,
0.6957466626719183,1.8646464646464649,11.309733552923255,
0.695438887856665,1.8505050505050507,11.309733552923255,
0.6951275820056423,1.8363636363636362,11.309733552923255,
0.694949494949495,1.828373525327888,11.309733552923255,
0.694816239745519,1.8222222222222222,11.309733552923255,
0.6945059510783832,1.808080808080808,11.309733552923255,
0.6941920199333379,1.793939393939394,11.309733552923255,
0.6938743824373209,1.77979797979798,11.309733552923255,
0.6935529732373764,1.7656565656565655,11.309733552923255,
0.6932277254585302,1.7515151515151515,11.309733552923255,
0.6928985706602686,1.7373737373737372,11.309733552923255,
0.6925654387915716,1.7232323232323232,11.309733552923255,
0.692228258144451,1.7090909090909092,11.309733552923255,
0.6918869553059361,1.694949494949495,11.309733552923255,
0.6915414551084504,1.6808080808080808,11.309733552923255,
0.6911916805785253,1.666666666666667,11.309733552923255,
0.6908375528837831,1.6525252525252525,11.309733552923255,
0.6904789912781353,1.6383838383838385,11.309733552923255,
0.6901159130451247,1.624242424242424,11.309733552923255,
0.689748233439348,1.61010101010101,11.309733552923255,
0.6893758656258915,1.595959595959596,11.309733552923255,
0.6889987206177037,1.5818181818181818,11.309733552923255,
0.6886167072108393,1.5676767676767678,11.309733552923255,
0.6882297319174903,1.5535353535353533,11.309733552923255,
0.6878376988967361,1.5393939393939395,11.309733552923255,
0.6874405098829242,1.5252525252525253,11.309733552923255,
0.6870380641116086,1.511111111111111,11.309733552923255,
0.686630258242954,1.496969696969697,11.309733552923255,
0.6862169862825269,1.4828282828282826,11.309733552923255,
0.6857981394993824,1.4686868686868686,11.309733552923255,
0.68537360634136,1.4545454545454546,11.309733552923255,
0.6849432723474993,1.4404040404040404,11.309733552923255,
0.6845070200574804,1.4262626262626261,11.309733552923255,
0.6840647289180029,1.412121212121212,11.309733552923255,
0.6836162751860051,1.3979797979797979,11.309733552923255,
0.6831615318286387,1.3838383838383839,11.309733552923255,
0.6827003684198987,1.3696969696969699,11.309733552923255,
0.6822326510338276,1.3555555555555552,11.309733552923255,
0.6817582421341976,1.3414141414141416,11.309733552923255,
0.681277000460592,1.3272727272727272,11.309733552923255,
0.6808080808080808,1.3136923665280285,11.309733552923255,
0.6807892614792547,1.3131313131313131,11.309733552923255,
0.680306213230919,1.2989898989898987,11.309733552923255,
0.6798159942837578,1.2848484848484847,11.309733552923255,
0.6793184469223897,1.2707070707070707,11.309733552923255,
0.6788134089289026,1.2565656565656562,11.309733552923255,
0.6783007134311009,1.2424242424242422,11.309733552923255,
0.677780188745392,1.2282828282828284,11.309733552923255,
0.6772516582141664,1.214141414141414,11.309733552923255,
0.676714940037544,1.2,11.309733552923255,
0.5990567539244542,2.6,12.566370614359172,
0.5990126881170141,2.585858585858586,12.566370614359172,
0.5989682263161966,2.571717171717172,12.566370614359172,
0.598923363167661,2.557575757575758,12.566370614359172,
0.5988780932202731,2.543434343434344,12.566370614359172,
0.5988324109239112,2.529292929292929,12.566370614359172,
0.5987863106272162,2.5151515151515156,12.566370614359172,
0.5987397865752766,2.501010101010102,12.566370614359172,
0.5986928329072518,2.486868686868687,12.566370614359172,
0.5986454436539306,2.4727272727272727,12.566370614359172,
0.598597612735219,2.458585858585859,12.566370614359172,
0.5985493339575616,2.4444444444444446,12.566370614359172,
0.598500601011288,2.43030303030303,12.566370614359172,
0.5984514074678873,2.416161616161616,12.566370614359172,
0.5984017467772029,2.4020202020202026,12.566370614359172,
0.5983516122645505,2.3878787878787877,12.566370614359172,
0.5983009971277511,2.3737373737373737,12.566370614359172,
0.5982498944340826,2.35959595959596,12.566370614359172,
0.5981982971171406,2.3454545454545452,12.566370614359172,
0.5981461979736098,2.3313131313131312,12.566370614359172,
0.5980935896599425,2.3171717171717177,12.566370614359172,
0.5980404646889392,2.3030303030303036,12.566370614359172,
0.5979868154262291,2.2888888888888888,12.566370614359172,
0.5979326340866473,2.2747474747474747,12.566370614359172,
0.5978779127305056,2.2606060606060607,12.566370614359172,
0.5978226432597512,2.2464646464646463,12.566370614359172,
0.5977668174140118,2.2323232323232323,12.566370614359172,
0.5977104267665209,2.2181818181818183,12.566370614359172,
0.5976534627199216,2.204040404040404,12.566370614359172,
0.5975959165019428,2.18989898989899,12.566370614359172,
0.5975377791609436,2.1757575757575762,12.566370614359172,
0.5974790415613215,2.1616161616161618,12.566370614359172,
0.5974196943787801,2.1474747474747473,12.566370614359172,
0.5973597280954491,2.1333333333333337,12.566370614359172,
0.5972991329948554,2.1191919191919193,12.566370614359172,
0.5972378991567346,2.105050505050505,12.566370614359172,
0.5971760164516816,2.090909090909091,12.566370614359172,
0.5971134745356331,2.076767676767677,12.566370614359172,
0.5970502628441725,2.0626262626262624,12.566370614359172,
0.5969863705866572,2.0484848484848484,12.566370614359172,
0.5969217867401567,2.034343434343435,12.566370614359172,
0.5968565000431949,2.0202020202020203,12.566370614359172,
0.5967904989892907,2.006060606060606,12.566370614359172,
0.5967237718202907,1.991919191919192,12.566370614359172,
0.596656306519481,1.9777777777777776,12.566370614359172,
0.5965880908044763,1.9636363636363634,12.566370614359172,
0.5965191121198719,1.9494949494949494,12.566370614359172,
0.5964493576296539,1.9353535353535354,12.566370614359172,
0.5963788142093557,1.9212121212121211,12.566370614359172,
0.5963074684379517,1.9070707070707071,12.566370614359172,
0.5962353065894791,1.892929292929293,12.566370614359172,
0.5961623146243744,1.8787878787878787,12.566370614359172,
0.5960884781805171,1.8646464646464647,12.566370614359172,
0.5960137825639646,1.8505050505050507,12.566370614359172,
0.5959595959595959,1.8403704788225967,12.566370614359172,
0.59593887922701,1.8363636363636362,12.566370614359172,
0.5958647999924234,1.8222222222222222,12.566370614359172,
0.5957898388711771,1.808080808080808,12.566370614359172,
0.5957139800450258,1.793939393939394,12.566370614359172,
0.5956372073159232,1.77979797979798,12.566370614359172,
0.5955595040945831,1.7656565656565655,12.566370614359172,
0.5954808533886321,1.7515151515151515,12.566370614359172,
0.5954012377903267,1.7373737373737372,12.566370614359172,
0.5953206394638222,1.7232323232323232,12.566370614359172,
0.5952390401319722,1.7090909090909092,12.566370614359172,
0.5951564210626381,1.6949494949494948,12.566370614359172,
0.5950727630544893,1.6808080808080808,12.566370614359172,
0.5949880464222682,1.6666666666666667,12.566370614359172,
0.5949022509815033,1.6525252525252525,12.566370614359172,
0.5948153560326365,1.6383838383838385,12.566370614359172,
0.5947273403445484,1.624242424242424,12.566370614359172,
0.5946381821374492,1.61010101010101,12.566370614359172,
0.5945478590651061,1.595959595959596,12.566370614359172,
0.5944563481963813,1.5818181818181818,12.566370614359172,
0.5943636259960476,1.5676767676767678,12.566370614359172,
0.5942696683048461,1.5535353535353533,12.566370614359172,
0.5941744503187545,1.5393939393939393,12.566370614359172,
0.5940779465674301,1.5252525252525253,12.566370614359172,
0.593980130891785,1.511111111111111,12.566370614359172,
0.5938809764206568,1.496969696969697,12.566370614359172,
0.5937804555465314,1.4828282828282826,12.566370614359172,
0.5936785399002722,1.4686868686868686,12.566370614359172,
0.5935752003248091,1.4545454545454546,12.566370614359172,
0.5934704068477378,1.4404040404040404,12.566370614359172,
0.5933641286527759,1.4262626262626261,12.566370614359172,
0.5932563340500232,1.412121212121212,12.566370614359172,
0.5931469904449623,1.3979797979797977,12.566370614359172,
0.5930360643061461,1.3838383838383839,12.566370614359172,
0.5929235211314984,1.3696969696969696,12.566370614359172,
0.5928093254131663,1.3555555555555554,12.566370614359172,
0.592693440600849,1.3414141414141412,12.566370614359172,
0.5925758290635245,1.3272727272727272,12.566370614359172,
0.592456452049498,1.3131313131313131,12.566370614359172,
0.5923352696446835,1.2989898989898987,12.566370614359172,
0.5922122407290299,1.2848484848484847,12.566370614359172,
0.592087322930994,1.2707070707070707,12.566370614359172,
0.5919604725799639,1.2565656565656564,12.566370614359172,
0.5918316446565225,1.2424242424242422,12.566370614359172,
0.5917007927404394,1.2282828282828284,12.566370614359172,
0.5915678689562722,1.214141414141414,12.566370614359172,
0.5914328239164531,1.2,12.566370614359172,
1.6,2.218794418741289,,0.001
1.5993873994405292,2.2181818181818183,,0.001
1.5858585858585856,2.2046530045998747,,0.001
1.5852459852991148,2.204040404040404,,0.001
1.5717171717171716,2.1905115904584602,,0.001
1.571104571157701,2.18989898989899,,0.001
1.5575757575757576,2.176370176317047,,0.001
1.5569631570162867,2.1757575757575762,,0.001
1.5434343434343436,2.1622287621756326,,0.001
1.5428217428748727,2.1616161616161618,,0.001
1.5292929292929294,2.1480873480342186,,0.001
1.5286803287334583,2.1474747474747478,,0.001
1.5151515151515151,2.133945933892804,,0.001
1.5145389145920447,2.1333333333333337,,0.001
1.501010101010101,2.1198045197513897,,0.001
1.5003975004506303,2.1191919191919193,,0.001
1.486868686868687,2.1056631056099757,,0.001
1.4862560863092158,2.105050505050505,,0.001
1.4727272727272729,2.091521691468562,,0.001
1.4721146721678018,2.090909090909091,,0.001
1.4585858585858584,2.0773802773271473,,0.001
1.4579732580263878,2.076767676767677,,0.001
1.4444444444444444,2.0632388631857332,,0.001
1.4438318438849735,2.0626262626262624,,0.001
1.4303030303030304,2.0490974490443192,,0.001
1.4296904297435595,2.0484848484848484,,0.001
1.4161616161616162,2.034956034902905,,0.001
1.4155490156021455,2.034343434343435,,0.001
1.4020202020202022,2.020814620761491,,0.001
1.4014076014607313,2.0202020202020203,,0.001
1.3878787878787877,2.0066732066200768,,0.001
1.3872661873193168,2.006060606060606,,0.001
1.3737373737373737,1.9925317924786632,,0.001
1.373124773177903,1.9919191919191923,,0.001
1.3595959595959597,1.978390378337249,,0.001
1.3589833590364886,1.9777777777777779,,0.001
1.3454545454545455,1.9642489641958345,,0.001
1.3448419448950744,1.9636363636363634,,0.001
1.3313131313131314,1.9501075500544203,,0.001
1.3307005307536603,1.9494949494949494,,0.001
1.317171717171717,1.935966135913006,,0.001
1.3165591166122461,1.9353535353535354,,0.001
1.303030303030303,1.9218247217715922,,0.001
1.3024177024708319,1.9212121212121211,,0.001
1.288888888888889,1.907683307630178,,0.001
1.288276288329418,1.907070707070707,,0.001
1.2747474747474747,1.8935418934887636,,0.001
1.274134874188004,1.892929292929293,,0.001
1.2606060606060605,1.8794004793473496,,0.001
1.2599934600465896,1.8787878787878787,,0.001
1.2464646464646467,1.8652590652059355,,0.001
1.2458520459051756,1.8646464646464647,,0.001
1.2323232323232325,1.8511176510645213,,0.001
1.2317106317637618,1.8505050505050507,,0.001
1.218181818181818,1.8369762369231073,,0.001
1.2175692176223472,1.8363636363636362,,0.001
1.204040404040404,1.8228348227816928,,0.001
1.2034278034809331,1.8222222222222222,,0.001
1.18989898989899,1.808693408640279,,0.001
1.189286389339519,1.808080808080808,,0.001
1.175757575757576,1.7945519944988648,,0.001
1.175144975198105,1.793939393939394,,0.001
1.1616161616161615,1.7804105803574508,,0.001
1.1610035610566907,1.77979797979798,,0.001
1.1474747474747473,1.7662691662160366,,0.001
1.1468621469152764,1.7656565656565655,,0.001
1.1333333333333335,1.7521277520746223,,0.001
1.1327207327738626,1.7515151515151515,,0.001
1.1191919191919193,1.7379863379332083,,0.001
1.1185793186324482,1.7373737373737372,,0.001
1.1050505050505053,1.723844923791794,,0.001
1.1044379044910344,1.7232323232323232,,0.001
1.0909090909090908,1.7097035096503803,,0.001
1.0902964903496197,1.7090909090909092,,0.001
1.0767676767676766,1.6955620955089656,,0.001
1.0761550762082057,1.6949494949494948,,0.001
1.0626262626262626,1.6814206813675516,,0.001
1.062013662066792,1.6808080808080808,,0.001
1.0484848484848486,1.6672792672261376,,0.001
1.0478722479253777,1.6666666666666667,,0.001
1.0343434343434343,1.6531378530847236,,0.001
1.0337308337839632,1.6525252525252525,,0.001
1.02020202020202,1.6389964389433094,,0.001
1.0195894196425492,1.6383838383838385,,0.001
1.0060606060606059,1.6248550248018951,,0.001
1.005448005501135,1.624242424242424,,0.001
0.9919191919191921,1.6107136106604811,,0.001
0.9913065913597211,1.61010101010101,,0.001
0.9777777777777777,1.5965721965190671,,0.001
0.9771651772183068,1.595959595959596,,0.001
0.9636363636363636,1.5824307823776527,,0.001
0.9630237630768926,1.5818181818181818,,0.001
0.9494949494949494,1.5682893682362389,,0.001
0.9488823489354784,1.5676767676767676,,0.001
0.9353535353535354,1.5541479540948244,,0.001
0.9347409347940643,1.5535353535353533,,0.001
0.9212121212121214,1.5400065399534104,,0.001
0.9205995206526504,1.5393939393939393,,0.001
0.907070707070707,1.5258651258119962,,0.001
0.906458106511236,1.5252525252525253,,0.001
0.8929292929292928,1.5117237116705822,,0.001
0.8923166923698218,1.511111111111111,,0.001
0.8787878787878788,1.497582297529168,,0.001
0.878175278228408,1.496969696969697,,0.001
0.8646464646464647,1.4834408833877537,,0.001
0.8640338640869936,1.4828282828282826,,0.001
0.8505050505050504,1.4692994692463395,,0.001
0.8498924499455796,1.4686868686868686,,0.001
0.8363636363636363,1.4551580551049257,,0.001
0.8357510358041653,1.4545454545454546,,0.001
0.8222222222222221,1.4410166409635112,,0.001
0.8216096216627511,1.4404040404040404,,0.001
0.8080808080808081,1.426875226822097,,0.001
0.8074682075213373,1.4262626262626261,,0.001
0.793939393939394,1.4127338126806828,,0.001
0.7933267933799231,1.412121212121212,,0.001
0.7797979797979797,1.398592398539269,,0.001
0.7791853792385087,1.3979797979797979,,0.001
0.7656565656565656,1.3844509843978547,,0.001
0.7650439650970946,1.3838383838383839,,0.001
0.7515151515151515,1.3703095702564407,,0.001
0.7509025509556804,1.3696969696969696,,0.001
0.7373737373737373,1.3561681561150263,,0.001
0.7367611368142665,1.3555555555555554,,0.001
0.7232323232323232,1.3420267419736123,,0.001
0.7226197226728522,1.3414141414141414,,0.001
0.709090909090909,1.3278853278321983,,0.001
0.708478308531438,1.3272727272727272,,0.001
0.694949494949495,1.3137439136907845,,0.001
0.6943368943900238,1.3131313131313131,,0.001
0.6808080808080808,1.2996024995493698,,0.001
0.6801954802486097,1.2989898989898987,,0.001
0.6666666666666666,1.2854610854079558,,0.001
0.6660540661071956,1.2848484848484847,,0.001
0.6525252525252524,1.2713196712665418,,0.001
0.6519126519657814,1.2707070707070707,,0.001
0.6383838383838383,1.2571782571251275,,0.001
0.6377712378243672,1.2565656565656564,,0.001
0.6242424242424243,1.2430368429837133,,0.001
0.623629823682953,1.2424242424242422,,0.001
0.6101010101010101,1.2288954288422993,,0.001
0.6094884095415392,1.2282828282828284,,0.001
0.595959595959596,1.214754014700885,,0.001
0.5953469954001249,1.214141414141414,,0.001
0.5818181818181819,1.200612600559471,,0.001
0.5812055812587107,1.2,,0.001
1.6,2.342553302489547,,0.0012
1.5887598288235842,2.3313131313131312,,0.0012
1.5858585858585856,2.328411888348133,,0.0012
1.5746184146821707,2.3171717171717177,,0.0012
1.5717171717171714,2.314270474206719,,0.0012
1.560477000540756,2.303030303030303,,0.0012
1.5575757575757576,2.300129060065305,,0.0012
1.546335586399342,2.2888888888888888,,0.0012
1.5434343434343436,2.2859876459238904,,0.0012
1.532194172257928,2.2747474747474747,,0.0012
1.5292929292929291,2.271846231782476,,0.0012
1.518052758116514,2.2606060606060607,,0.0012
1.5151515151515151,2.257704817641062,,0.0012
1.5039113439750995,2.2464646464646463,,0.0012
1.5010101010101007,2.2435634034996474,,0.0012
1.4897699298336855,2.2323232323232323,,0.0012
1.486868686868687,2.229421989358234,,0.0012
1.4756285156922717,2.2181818181818183,,0.0012
1.4727272727272729,2.2152805752168194,,0.0012
1.461487101550857,2.204040404040404,,0.0012
1.4585858585858584,2.201139161075405,,0.0012
1.4473456874094432,2.18989898989899,,0.0012
1.4444444444444444,2.186997746933991,,0.0012
1.4332042732680292,2.1757575757575762,,0.0012
1.4303030303030304,2.1728563327925774,,0.0012
1.4190628591266148,2.1616161616161618,,0.0012
1.4161616161616162,2.1587149186511634,,0.0012
1.4049214449852006,2.1474747474747473,,0.0012
1.4020202020202022,2.144573504509749,,0.0012
1.3907800308437865,2.1333333333333337,,0.0012
1.3878787878787877,2.1304320903683345,,0.0012
1.3766386167023723,2.1191919191919193,,0.0012
1.3737373737373737,2.116290676226921,,0.0012
1.362497202560958,2.105050505050505,,0.0012
1.3595959595959597,2.1021492620855065,,0.0012
1.348355788419544,2.090909090909091,,0.0012
1.3454545454545452,2.088007847944092,,0.0012
1.3342143742781303,2.076767676767677,,0.0012
1.3313131313131317,2.073866433802678,,0.0012
1.3200729601367156,2.0626262626262624,,0.0012
1.3171717171717168,2.0597250196612635,,0.0012
1.3059315459953014,2.0484848484848484,,0.0012
1.3030303030303028,2.04558360551985,,0.0012
1.2917901318538876,2.034343434343435,,0.0012
1.2888888888888892,2.031442191378436,,0.0012
1.2776487177124731,2.0202020202020203,,0.0012
1.2747474747474747,2.0173007772370215,,0.0012
1.2635073035710591,2.006060606060606,,0.0012
1.2606060606060607,2.0031593630956075,,0.0012
1.2493658894296455,1.9919191919191923,,0.0012
1.2464646464646467,1.9890179489541937,,0.0012
1.235224475288231,1.9777777777777779,,0.0012
1.2323232323232325,1.9748765348127792,,0.0012
1.2210830611468164,1.9636363636363634,,0.0012
1.218181818181818,1.960735120671365,,0.0012
1.2069416470054026,1.9494949494949494,,0.0012
1.204040404040404,1.9465937065299508,,0.0012
1.1928002328639886,1.9353535353535354,,0.0012
1.18989898989899,1.932452292388537,,0.0012
1.1786588187225744,1.9212121212121214,,0.0012
1.175757575757576,1.9183108782471225,,0.0012
1.1645174045811602,1.907070707070707,,0.0012
1.1616161616161615,1.9041694641057083,,0.0012
1.1503759904397461,1.892929292929293,,0.0012
1.1474747474747473,1.8900280499642943,,0.0012
1.136234576298332,1.8787878787878785,,0.0012
1.1333333333333335,1.87588663582288,,0.0012
1.122093162156918,1.8646464646464647,,0.0012
1.1191919191919193,1.861745221681466,,0.0012
1.1079517480155041,1.8505050505050504,,0.0012
1.1050505050505053,1.847603807540052,,0.0012
1.0938103338740894,1.836363636363636,,0.0012
1.0909090909090908,1.8334623933986376,,0.0012
1.0796689197326754,1.822222222222222,,0.0012
1.0767676767676766,1.8193209792572236,,0.0012
1.0655275055912612,1.808080808080808,,0.0012
1.0626262626262626,1.8051795651158093,,0.0012
1.0513860914498472,1.793939393939394,,0.0012
1.0484848484848486,1.7910381509743953,,0.0012
1.0372446773084327,1.77979797979798,,0.0012
1.0343434343434343,1.7768967368329813,,0.0012
1.0231032631670187,1.7656565656565655,,0.0012
1.02020202020202,1.7627553226915669,,0.0012
1.0089618490256047,1.7515151515151515,,0.0012
1.0060606060606059,1.7486139085501526,,0.0012
0.9948204348841904,1.737373737373737,,0.0012
0.991919191919192,1.7344724944087386,,0.0012
0.9806790207427764,1.7232323232323232,,0.0012
0.9777777777777777,1.7203310802673246,,0.0012
0.9665376066013621,1.709090909090909,,0.0012
0.9636363636363636,1.7061896661259106,,0.0012
0.952396192459948,1.6949494949494945,,0.0012
0.9494949494949493,1.6920482519844962,,0.0012
0.938254778318534,1.6808080808080805,,0.0012
0.9353535353535355,1.6779068378430821,,0.0012
0.9241133641771199,1.6666666666666665,,0.0012
0.9212121212121214,1.6637654237016681,,0.0012
0.9099719500357056,1.6525252525252525,,0.0012
0.907070707070707,1.649624009560254,,0.0012
0.8958305358942913,1.6383838383838385,,0.0012
0.8929292929292927,1.63548259541884,,0.0012
0.8816891217528772,1.624242424242424,,0.0012
0.8787878787878788,1.6213411812774257,,0.0012
0.8675477076114633,1.61010101010101,,0.0012
0.8646464646464647,1.6071997671360114,,0.0012
0.8534062934700491,1.595959595959596,,0.0012
0.8505050505050504,1.5930583529945974,,0.0012
0.8392648793286348,1.5818181818181818,,0.0012
0.8363636363636363,1.5789169388531832,,0.0012
0.8251234651872206,1.5676767676767676,,0.0012
0.8222222222222221,1.5647755247117692,,0.0012
0.8109820510458065,1.5535353535353533,,0.0012
0.8080808080808081,1.550634110570355,,0.0012
0.7968406369043926,1.5393939393939393,,0.0012
0.793939393939394,1.5364926964289407,,0.0012
0.7826992227629783,1.5252525252525253,,0.0012
0.7797979797979797,1.5223512822875267,,0.0012
0.7685578086215641,1.511111111111111,,0.0012
0.7656565656565656,1.5082098681461125,,0.0012
0.7544163944801501,1.496969696969697,,0.0012
0.7515151515151515,1.4940684540046982,,0.0012
0.7402749803387358,1.4828282828282826,,0.0012
0.7373737373737375,1.4799270398632842,,0.0012
0.7261335661973218,1.4686868686868686,,0.0012
0.7232323232323232,1.46578562572187,,0.0012
0.7119921520559075,1.4545454545454546,,0.0012
0.709090909090909,1.451644211580456,,0.0012
0.6978507379144934,1.4404040404040404,,0.0012
0.694949494949495,1.4375027974390417,,0.0012
0.6837093237730795,1.4262626262626261,,0.0012
0.6808080808080808,1.4233613832976275,,0.0012
0.6695679096316652,1.412121212121212,,0.0012
0.6666666666666666,1.4092199691562135,,0.0012
0.655426495490251,1.3979797979797979,,0.0012
0.6525252525252524,1.3950785550147993,,0.0012
0.6412850813488368,1.3838383838383836,,0.0012
0.6383838383838385,1.3809371408733855,,0.0012
0.6271436672074227,1.3696969696969696,,0.0012
0.6242424242424243,1.3667957267319712,,0.0012
0.6130022530660088,1.3555555555555554,,0.0012
0.6101010101010101,1.3526543125905568,,0.0012
0.5988608389245944,1.3414141414141412,,0.0012
0.5959595959595959,1.3385128984491428,,0.0012
0.5847194247831803,1.3272727272727272,,0.0012
0.5818181818181819,1.3243714843077288,,0.0012
0.5705780106417662,1.3131313131313131,,0.0012
0.5676767676767677,1.3102300701663148,,0.0012
0.5564365965003519,1.298989898989899,,0.0012
0.5535353535353535,1.2960886560249003,,0.0012
0.5422951823589379,1.2848484848484847,,0.0012
0.5393939393939394,1.281947241883486,,0.0012
0.5281537682175237,1.2707070707070707,,0.0012
0.5252525252525252,1.267805827742072,,0.0012
0.5140123540761095,1.2565656565656564,,0.0012
0.5111111111111111,1.253664413600658,,0.0012
0.4998709399346954,1.2424242424242422,,0.0012
0.49696969696969695,1.2395229994592438,,0.0012
0.4857295257932814,1.2282828282828286,,0.0012
0.48282828282828283,1.2253815853178298,,0.0012
0.4715881116518672,1.214141414141414,,0.0012
0.46868686868686865,1.2112401711764154,,0.0012
0.45744669751045297,1.2,,0.0012
1.6,2.466312186237805,,0.0014
1.5922736723480542,2.458585858585859,,0.0014
1.5858585858585859,2.452170772096391,,0.0014
1.57813225820664,2.4444444444444446,,0.0014
1.5717171717171716,2.438029357954976,,0.0014
1.5639908440652255,2.4303030303030306,,0.0014
1.5575757575757576,2.4238879438135625,,0.0014
1.5498494299238113,2.416161616161616,,0.0014
1.5434343434343436,2.4097465296721485,,0.0014
1.5357080157823977,2.4020202020202026,,0.0014
1.5292929292929294,2.395605115530734,,0.0014
1.521566601640983,2.3878787878787877,,0.0014
1.5151515151515151,2.38146370138932,,0.0014
1.5074251874995692,2.3737373737373737,,0.0014
1.501010101010101,2.3673222872479056,,0.0014
1.4932837733581552,2.35959595959596,,0.0014
1.486868686868687,2.353180873106492,,0.0014
1.4791423592167408,2.345454545454545,,0.0014
1.472727272727273,2.339039458965077,,0.0014
1.4650009450753263,2.3313131313131312,,0.0014
1.4585858585858584,2.324898044823663,,0.0014
1.4508595309339127,2.3171717171717177,,0.0014
1.4444444444444444,2.310756630682249,,0.0014
1.4367181167924983,2.303030303030303,,0.0014
1.4303030303030304,2.296615216540835,,0.0014
1.422576702651084,2.2888888888888888,,0.0014
1.4161616161616162,2.282473802399421,,0.0014
1.4084352885096698,2.2747474747474747,,0.0014
1.4020202020202022,2.268332388258007,,0.0014
1.3942938743682562,2.2606060606060607,,0.0014
1.3878787878787877,2.254190974116592,,0.0014
1.3801524602268416,2.2464646464646463,,0.0014
1.3737373737373737,2.240049559975178,,0.0014
1.3660110460854273,2.232323232323232,,0.0014
1.3595959595959597,2.225908145833764,,0.0014
1.3518696319440138,2.2181818181818187,,0.0014
1.3454545454545455,2.21176673169235,,0.0014
1.3377282178025993,2.204040404040404,,0.0014
1.3313131313131314,2.197625317550936,,0.0014
1.3235868036611853,2.18989898989899,,0.0014
1.317171717171717,2.183483903409522,,0.0014
1.3094453895197713,2.1757575757575762,,0.0014
1.303030303030303,2.169342489268108,,0.0014
1.2953039753783568,2.1616161616161618,,0.0014
1.2888888888888892,2.155201075126694,,0.0014
1.2811625612369426,2.1474747474747473,,0.0014
1.2747474747474747,2.1410596609852792,,0.0014
1.2670211470955288,2.1333333333333337,,0.0014
1.2606060606060605,2.126918246843865,,0.0014
1.2528797329541146,2.1191919191919193,,0.0014
1.2464646464646467,2.112776832702451,,0.0014
1.2387383188127004,2.105050505050505,,0.0014
1.2323232323232325,2.098635418561037,,0.0014
1.224596904671286,2.090909090909091,,0.0014
1.218181818181818,2.0844940044196227,,0.0014
1.2104554905298723,2.076767676767677,,0.0014
1.204040404040404,2.0703525902782087,,0.0014
1.1963140763884579,2.0626262626262624,,0.0014
1.18989898989899,2.0562111761367947,,0.0014
1.1821726622470439,2.048484848484848,,0.0014
1.175757575757576,2.0420697619953807,,0.0014
1.1680312481056299,2.034343434343435,,0.0014
1.1616161616161615,2.0279283478539667,,0.0014
1.1538898339642152,2.02020202020202,,0.0014
1.1474747474747473,2.0137869337125522,,0.0014
1.1397484198228014,2.006060606060606,,0.0014
1.1333333333333335,1.999645519571138,,0.0014
1.1256070056813876,1.9919191919191923,,0.0014
1.1191919191919193,1.9855041054297242,,0.0014
1.111465591539973,1.9777777777777776,,0.0014
1.1050505050505053,1.97136269128831,,0.0014
1.097324177398559,1.9636363636363634,,0.0014
1.0909090909090908,1.9572212771468958,,0.0014
1.0831827632571445,1.9494949494949492,,0.0014
1.0767676767676766,1.9430798630054813,,0.0014
1.069041349115731,1.9353535353535354,,0.0014
1.0626262626262626,1.9289384488640673,,0.0014
1.0548999349743164,1.9212121212121214,,0.0014
1.0484848484848486,1.9147970347226533,,0.0014
1.0407585208329022,1.9070707070707067,,0.0014
1.0343434343434343,1.9006556205812388,,0.0014
1.0266171066914884,1.892929292929293,,0.0014
1.02020202020202,1.8865142064398248,,0.0014
1.0124756925500737,1.8787878787878785,,0.0014
1.0060606060606059,1.8723727922984108,,0.0014
0.99833427840866,1.8646464646464647,,0.0014
0.9919191919191921,1.8582313781569968,,0.0014
0.9841928642672461,1.8505050505050509,,0.0014
0.9777777777777776,1.8440899640155823,,0.0014
0.9700514501258315,1.836363636363636,,0.0014
0.9636363636363636,1.8299485498741683,,0.0014
0.9559100359844177,1.8222222222222224,,0.0014
0.9494949494949494,1.8158071357327539,,0.0014
0.9417686218430033,1.808080808080808,,0.0014
0.9353535353535355,1.8016657215913403,,0.0014
0.9276272077015892,1.793939393939394,,0.0014
0.9212121212121214,1.7875243074499259,,0.0014
0.913485793560175,1.77979797979798,,0.0014
0.907070707070707,1.7733828933085118,,0.0014
0.8993443794187608,1.7656565656565655,,0.0014
0.8929292929292928,1.7592414791670974,,0.0014
0.8852029652773468,1.7515151515151515,,0.0014
0.8787878787878788,1.7451000650256834,,0.0014
0.8710615511359324,1.7373737373737372,,0.0014
0.8646464646464647,1.7309586508842694,,0.0014
0.8569201369945185,1.7232323232323232,,0.0014
0.8505050505050504,1.7168172367428554,,0.0014
0.8427787228531043,1.7090909090909092,,0.0014
0.8363636363636362,1.7026758226014411,,0.0014
0.8286373087116901,1.6949494949494948,,0.0014
0.8222222222222221,1.688534408460027,,0.0014
0.814495894570276,1.6808080808080805,,0.0014
0.8080808080808081,1.6743929943186129,,0.0014
0.800354480428862,1.6666666666666667,,0.0014
0.793939393939394,1.6602515801771986,,0.0014
0.7862130662874478,1.6525252525252525,,0.0014
0.7797979797979797,1.6461101660357844,,0.0014
0.7720716521460335,1.6383838383838385,,0.0014
0.7656565656565655,1.6319687518943704,,0.0014
0.7579302380046193,1.624242424242424,,0.0014
0.7515151515151515,1.6178273377529562,,0.0014
0.7437888238632053,1.61010101010101,,0.0014
0.7373737373737373,1.603685923611542,,0.0014
0.7296474097217912,1.595959595959596,,0.0014
0.7232323232323232,1.589544509470128,,0.0014
0.7155059955803769,1.5818181818181818,,0.0014
0.709090909090909,1.575403095328714,,0.0014
0.7013645814389629,1.567676767676768,,0.0014
0.694949494949495,1.5612616811873,,0.0014
0.6872231672975486,1.5535353535353533,,0.0014
0.6808080808080808,1.5471202670458855,,0.0014
0.6730817531561346,1.5393939393939393,,0.0014
0.6666666666666665,1.5329788529044714,,0.0014
0.6589403390147204,1.5252525252525253,,0.0014
0.6525252525252523,1.5188374387630574,,0.0014
0.6447989248733063,1.511111111111111,,0.0014
0.6383838383838384,1.5046960246216432,,0.0014
0.6306575107318924,1.496969696969697,,0.0014
0.6242424242424243,1.490554610480229,,0.0014
0.6165160965904779,1.4828282828282826,,0.0014
0.6101010101010103,1.476413196338815,,0.0014
0.6023746824490639,1.4686868686868686,,0.0014
0.5959595959595958,1.4622717821974007,,0.0014
0.5882332683076497,1.4545454545454546,,0.0014
0.5818181818181819,1.448130368055987,,0.0014
0.5740918541662355,1.4404040404040404,,0.0014
0.5676767676767676,1.4339889539145723,,0.0014
0.5599504400248215,1.4262626262626261,,0.0014
0.5535353535353535,1.419847539773158,,0.0014
0.5458090258834073,1.412121212121212,,0.0014
0.5393939393939393,1.405706125631744,,0.0014
0.5316676117419932,1.3979797979797977,,0.0014
0.5252525252525252,1.39156471149033,,0.0014
0.5175261976005789,1.383838383838384,,0.0014
0.5111111111111111,1.377423297348916,,0.0014
0.5033847834591647,1.3696969696969696,,0.0014
0.49696969696969695,1.3632818832075015,,0.0014
0.4892433693177508,1.3555555555555554,,0.0014
0.48282828282828283,1.3491404690660875,,0.0014
0.4751019551763366,1.3414141414141412,,0.0014
0.46868686868686865,1.3349990549246733,,0.0014
0.46096054103492246,1.3272727272727272,,0.0014
0.4545454545454546,1.3208576407832595,,0.0014
0.4468191268935082,1.3131313131313131,,0.0014
0.4404040404040404,1.306716226641845,,0.0014
0.4326777127520941,1.2989898989898987,,0.0014
0.42626262626262634,1.292574812500431,,0.0014
0.41853629861068004,1.2848484848484847,,0.0014
0.4121212121212121,1.2784333983590166,,0.0014
0.40439488446926586,1.2707070707070707,,0.0014
0.397979797979798,1.264291984217603,,0.0014
0.3902534703278516,1.2565656565656564,,0.0014
0.38383838383838387,1.2501505700761886,,0.0014
0.3761120561864375,1.2424242424242422,,0.0014
0.36969696969696975,1.2360091559347746,,0.0014
0.3619706420450235,1.2282828282828282,,0.0014
0.3555555555555555,1.22186774179336,,0.0014
0.3478292279036093,1.2141414141414137,,0.0014
0.3414141414141414,1.207726327651946,,0.0014
0.33368781376219514,1.2000000000000002,,0.0014
1.6,2.5900710699860627,,0.0016
1.5957875158725234,2.585858585858586,,0.0016
1.5858585858585859,2.5759296558446487,,0.0016
1.581646101731109,2.571717171717172,,0.0016
1.5717171717171716,2.5617882417032347,,0.0016
1.567504687589695,2.557575757575758,,0.0016
1.5575757575757576,2.5476468275618207,,0.0016
1.5533632734482812,2.543434343434344,,0.0016
1.5434343434343436,2.5335054134204062,,0.0016
1.5392218593068667,2.529292929292929,,0.0016
1.5292929292929294,2.519363999278992,,0.0016
1.525080445165453,2.515151515151515,,0.0016
1.5151515151515151,2.505222585137578,,0.0016
1.510939031024039,2.5010101010101016,,0.0016
1.5010101010101011,2.4910811709961633,,0.0016
1.4967976168826245,2.4868686868686867,,0.0016
1.4868686868686871,2.4769397568547493,,0.0016
1.48265620274121,2.4727272727272727,,0.0016
1.4727272727272729,2.4627983427133353,,0.0016
1.4685147885997965,2.458585858585859,,0.0016
1.4585858585858587,2.4486569285719213,,0.0016
1.454373374458382,2.4444444444444446,,0.0016
1.4444444444444444,2.434515514430507,,0.0016
1.4402319603169675,2.43030303030303,,0.0016
1.4303030303030304,2.4203741002890933,,0.0016
1.4260905461755535,2.416161616161616,,0.0016
1.4161616161616162,2.4062326861476793,,0.0016
1.4119491320341397,2.4020202020202026,,0.0016
1.4020202020202022,2.3920912720062644,,0.0016
1.3978077178927253,2.3878787878787877,,0.0016
1.3878787878787877,2.3779498578648504,,0.0016
1.383666303751311,2.3737373737373737,,0.0016
1.3737373737373737,2.3638084437234363,,0.0016
1.3695248896098973,2.35959595959596,,0.0016
1.3595959595959597,2.3496670295820223,,0.0016
1.3553834754684828,2.3454545454545452,,0.0016
1.3454545454545455,2.3355256154406083,,0.0016
1.3412420613270686,2.3313131313131312,,0.0016
1.3313131313131314,2.3213842012991943,,0.0016
1.327100647185655,2.3171717171717177,,0.0016
1.317171717171717,2.30724278715778,,0.0016
1.3129592330442406,2.303030303030303,,0.0016
1.303030303030303,2.293101373016366,,0.0016
1.298817818902826,2.2888888888888888,,0.0016
1.288888888888889,2.2789599588749514,,0.0016
1.284676404761412,2.2747474747474747,,0.0016
1.2747474747474747,2.2648185447335374,,0.0016
1.270534990619998,2.2606060606060607,,0.0016
1.2606060606060605,2.2506771305921234,,0.0016
1.2563935764785839,2.2464646464646463,,0.0016
1.2464646464646467,2.236535716450709,,0.0016
1.2422521623371698,2.2323232323232323,,0.0016
1.2323232323232325,2.222394302309295,,0.0016
1.2281107481957558,2.2181818181818183,,0.0016
1.218181818181818,2.2082528881678805,,0.0016
1.2139693340543414,2.204040404040404,,0.0016
1.204040404040404,2.1941114740264664,,0.0016
1.1998279199129274,2.18989898989899,,0.0016
1.18989898989899,2.179970059885053,,0.0016
1.1856865057715136,2.1757575757575762,,0.0016
1.175757575757576,2.1658286457436384,,0.0016
1.1715450916300991,2.1616161616161618,,0.0016
1.1616161616161615,2.1516872316022244,,0.0016
1.1574036774886847,2.1474747474747473,,0.0016
1.1474747474747473,2.1375458174608104,,0.0016
1.143262263347271,2.1333333333333337,,0.0016
1.1333333333333335,2.123404403319396,,0.0016
1.1291208492058566,2.1191919191919193,,0.0016
1.1191919191919193,2.1092629891779815,,0.0016
1.1149794350644424,2.105050505050505,,0.0016
1.1050505050505053,2.0951215750365675,,0.0016
1.1008380209230284,2.090909090909091,,0.0016
1.0909090909090908,2.0809801608951535,,0.0016
1.0866966067816142,2.076767676767677,,0.0016
1.0767676767676766,2.066838746753739,,0.0016
1.0725551926402,2.0626262626262624,,0.0016
1.0626262626262626,2.052697332612325,,0.0016
1.058413778498786,2.0484848484848484,,0.0016
1.0484848484848486,2.0385559184709114,,0.0016
1.044272364357372,2.034343434343435,,0.0016
1.0343434343434343,2.0244145043294974,,0.0016
1.0301309502159575,2.0202020202020203,,0.0016
1.02020202020202,2.0102730901880825,,0.0016
1.0159895360745437,2.006060606060606,,0.0016
1.0060606060606059,1.9961316760466685,,0.0016
1.0018481219331294,1.9919191919191923,,0.0016
0.9919191919191921,1.9819902619052547,,0.0016
0.9877067077917152,1.9777777777777779,,0.0016
0.9777777777777776,1.9678488477638405,,0.0016
0.9735652936503008,1.9636363636363634,,0.0016
0.9636363636363636,1.9537074336224263,,0.0016
0.9594238795088869,1.9494949494949494,,0.0016
0.9494949494949494,1.939566019481012,,0.0016
0.9452824653674728,1.9353535353535354,,0.0016
0.9353535353535355,1.925424605339598,,0.0016
0.9311410512260585,1.9212121212121211,,0.0016
0.9212121212121214,1.9112831911981836,,0.0016
0.9169996370846445,1.907070707070707,,0.0016
0.907070707070707,1.8971417770567696,,0.0016
0.9028582229432305,1.892929292929293,,0.0016
0.8929292929292927,1.8830003629153556,,0.0016
0.888716808801816,1.8787878787878787,,0.0016
0.8787878787878788,1.8688589487739415,,0.0016
0.874575394660402,1.8646464646464649,,0.0016
0.8646464646464647,1.854717534632527,,0.0016
0.8604339805189882,1.8505050505050504,,0.0016
0.8505050505050504,1.840576120491113,,0.0016
0.8462925663775737,1.8363636363636362,,0.0016
0.8363636363636363,1.8264347063496988,,0.0016
0.8321511522361598,1.8222222222222222,,0.0016
0.8222222222222221,1.8122932922082846,,0.0016
0.8180097380947452,1.808080808080808,,0.0016
0.8080808080808081,1.7981518780668706,,0.0016
0.8038683239533313,1.793939393939394,,0.0016
0.793939393939394,1.7840104639254566,,0.0016
0.7897269098119171,1.77979797979798,,0.0016
0.7797979797979797,1.7698690497840424,,0.0016
0.775585495670503,1.7656565656565655,,0.0016
0.7656565656565656,1.7557276356426281,,0.0016
0.761444081529089,1.7515151515151515,,0.0016
0.7515151515151515,1.7415862215012141,,0.0016
0.7473026673876746,1.7373737373737372,,0.0016
0.7373737373737375,1.7274448073598,,0.0016
0.7331612532462606,1.7232323232323232,,0.0016
0.7232323232323232,1.713303393218386,,0.0016
0.7190198391048463,1.7090909090909094,,0.0016
0.709090909090909,1.6991619790769716,,0.0016
0.7048784249634322,1.694949494949495,,0.0016
0.694949494949495,1.6850205649355576,,0.0016
0.6907370108220182,1.6808080808080808,,0.0016
0.6808080808080808,1.6708791507941434,,0.0016
0.6765955966806039,1.6666666666666667,,0.0016
0.6666666666666666,1.6567377366527294,,0.0016
0.6624541825391898,1.6525252525252525,,0.0016
0.6525252525252524,1.6425963225113152,,0.0016
0.6483127683977756,1.6383838383838385,,0.0016
0.6383838383838384,1.628454908369901,,0.0016
0.6341713542563616,1.624242424242424,,0.0016
0.6242424242424243,1.614313494228487,,0.0016
0.6200299401149474,1.61010101010101,,0.0016
0.6101010101010101,1.6001720800870727,,0.0016
0.6058885259735333,1.595959595959596,,0.0016
0.5959595959595959,1.5860306659456587,,0.0016
0.5917471118321191,1.5818181818181816,,0.0016
0.5818181818181819,1.5718892518042447,,0.0016
0.577605697690705,1.5676767676767678,,0.0016
0.5676767676767677,1.5577478376628302,,0.0016
0.5634642835492908,1.553535353535353,,0.0016
0.5535353535353535,1.5436064235214162,,0.0016
0.5493228694078767,1.539393939393939,,0.0016
0.5393939393939394,1.5294650093800022,,0.0016
0.5351814552664625,1.5252525252525253,,0.0016
0.5252525252525252,1.515323595238588,,0.0016
0.5210400411250483,1.511111111111111,,0.0016
0.5111111111111111,1.501182181097174,,0.0016
0.5068986269836343,1.496969696969697,,0.0016
0.49696969696969695,1.4870407669557593,,0.0016
0.49275721284222007,1.4828282828282826,,0.0016
0.48282828282828283,1.4728993528143455,,0.0016
0.47861579870080606,1.4686868686868686,,0.0016
0.4686868686868687,1.4587579386729312,,0.0016
0.46447438455939183,1.4545454545454546,,0.0016
0.4545454545454546,1.4446165245315172,,0.0016
0.4503329704179777,1.4404040404040404,,0.0016
0.4404040404040404,1.430475110390103,,0.0016
0.4361915562765636,1.4262626262626261,,0.0016
0.42626262626262634,1.4163336962486888,,0.0016
0.42205014213514946,1.412121212121212,,0.0016
0.4121212121212121,1.4021922821072748,,0.0016
0.40790872799373523,1.3979797979797979,,0.0016
0.397979797979798,1.3880508679658607,,0.0016
0.3937673138523211,1.3838383838383839,,0.0016
0.38383838383838387,1.3739094538244465,,0.0016
0.37962589971090704,1.3696969696969696,,0.0016
0.36969696969696975,1.3597680396830323,,0.0016
0.3654844855694929,1.3555555555555554,,0.0016
0.35555555555555557,1.345626625541618,,0.0016
0.35134307142807875,1.3414141414141414,,0.0016
0.3414141414141414,1.331485211400204,,0.0016
0.3372016572866645,1.3272727272727272,,0.0016
0.32727272727272727,1.3173437972587898,,0.0016
0.3230602431452504,1.3131313131313131,,0.0016
0.31313131313131315,1.3032023831173758,,0.0016
0.3089188290038362,1.2989898989898987,,0.0016
0.29898989898989903,1.2890609689759613,,0.0016
0.2947774148624222,1.2848484848484847,,0.0016
0.28484848484848485,1.2749195548345473,,0.0016
0.280636000721008,1.2707070707070707,,0.0016
0.27070707070707073,1.2607781406931333,,0.0016
0.2664945865795939,1.2565656565656564,,0.0016
0.2565656565656566,1.246636726551719,,0.0016
0.2523531724381797,1.2424242424242422,,0.0016
0.24242424242424246,1.2324953124103053,,0.0016
0.23821175829676564,1.2282828282828284,,0.0016
0.2282828282828283,1.2183538982688908,,0.0016
0.2240703441553515,1.214141414141414,,0.0016
0.21414141414141413,1.2042124841274768,,0.0016
0.2099289300139373,1.2,,0.0016
1.4861700462656795,2.6,,0.0018000000000000002
1.4727272727272729,2.5865572264615935,,0.0018000000000000002
1.4720286321242657,2.585858585858586,,0.0018000000000000002
1.4585858585858584,2.5724158123201795,,0.0018000000000000002
1.4578872179828508,2.571717171717172,,0.0018000000000000002
1.4444444444444446,2.5582743981787655,,0.0018000000000000002
1.4437458038414375,2.557575757575758,,0.0018000000000000002
1.4303030303030304,2.544132984037351,,0.0018000000000000002
1.4296043897000232,2.543434343434344,,0.0018000000000000002
1.4161616161616162,2.5299915698959365,,0.0018000000000000002
1.4154629755586088,2.529292929292929,,0.0018000000000000002
1.4020202020202022,2.515850155754522,,0.0018000000000000002
1.401321561417195,2.515151515151515,,0.0018000000000000002
1.3878787878787877,2.5017087416131085,,0.0018000000000000002
1.3871801472757808,2.5010101010101016,,0.0018000000000000002
1.3737373737373737,2.487567327471694,,0.0018000000000000002
1.3730387331343663,2.4868686868686867,,0.0018000000000000002
1.3595959595959597,2.47342591333028,,0.0018000000000000002
1.3588973189929523,2.4727272727272727,,0.0018000000000000002
1.3454545454545455,2.459284499188866,,0.0018000000000000002
1.3447559048515383,2.458585858585859,,0.0018000000000000002
1.3313131313131314,2.4451430850474516,,0.0018000000000000002
1.3306144907101243,2.4444444444444446,,0.0018000000000000002
1.317171717171717,2.4310016709060376,,0.0018000000000000002
1.3164730765687096,2.43030303030303,,0.0018000000000000002
1.303030303030303,2.4168602567646236,,0.0018000000000000002
1.3023316624272956,2.416161616161616,,0.0018000000000000002
1.288888888888889,2.40271884262321,,0.0018000000000000002
1.2881902482858818,2.4020202020202026,,0.0018000000000000002
1.2747474747474747,2.388577428481795,,0.0018000000000000002
1.2740488341444673,2.3878787878787877,,0.0018000000000000002
1.2606060606060605,2.374436014340381,,0.0018000000000000002
1.2599074200030533,2.3737373737373737,,0.0018000000000000002
1.2464646464646467,2.360294600198967,,0.0018000000000000002
1.2457660058616395,2.35959595959596,,0.0018000000000000002
1.2323232323232325,2.3461531860575526,,0.0018000000000000002
1.231624591720225,2.3454545454545452,,0.0018000000000000002
1.218181818181818,2.332011771916139,,0.0018000000000000002
1.2174831775788106,2.3313131313131312,,0.0018000000000000002
1.204040404040404,2.3178703577747246,,0.0018000000000000002
1.203341763437397,2.3171717171717177,,0.0018000000000000002
1.18989898989899,2.3037289436333106,,0.0018000000000000002
1.1892003492959826,2.303030303030303,,0.0018000000000000002
1.175757575757576,2.2895875294918966,,0.0018000000000000002
1.1750589351545684,2.2888888888888888,,0.0018000000000000002
1.1616161616161615,2.275446115350482,,0.0018000000000000002
1.1609175210131542,2.2747474747474747,,0.0018000000000000002
1.1474747474747473,2.261304701209068,,0.0018000000000000002
1.1467761068717404,2.2606060606060607,,0.0018000000000000002
1.1333333333333335,2.247163287067654,,0.0018000000000000002
1.132634692730326,2.2464646464646463,,0.0018000000000000002
1.1191919191919193,2.2330218729262397,,0.0018000000000000002
1.118493278588912,2.2323232323232323,,0.0018000000000000002
1.1050505050505053,2.218880458784825,,0.0018000000000000002
1.104351864447498,2.2181818181818183,,0.0018000000000000002
1.0909090909090908,2.2047390446434116,,0.0018000000000000002
1.0902104503060834,2.204040404040404,,0.0018000000000000002
1.0767676767676766,2.1905976305019967,,0.0018000000000000002
1.0760690361646694,2.18989898989899,,0.0018000000000000002
1.0626262626262626,2.176456216360583,,0.0018000000000000002
1.0619276220232556,2.1757575757575762,,0.0018000000000000002
1.0484848484848486,2.162314802219169,,0.0018000000000000002
1.0477862078818412,2.1616161616161618,,0.0018000000000000002
1.0343434343434343,2.1481733880777547,,0.0018000000000000002
1.0336447937404267,2.1474747474747473,,0.0018000000000000002
1.02020202020202,2.1340319739363407,,0.0018000000000000002
1.0195033795990132,2.1333333333333337,,0.0018000000000000002
1.0060606060606059,2.1198905597949262,,0.0018000000000000002
1.0053619654575987,2.1191919191919193,,0.0018000000000000002
0.9919191919191921,2.1057491456535122,,0.0018000000000000002
0.9912205513161845,2.105050505050505,,0.0018000000000000002
0.9777777777777777,2.0916077315120982,,0.0018000000000000002
0.9770791371747704,2.090909090909091,,0.0018000000000000002
0.9636363636363636,2.077466317370684,,0.0018000000000000002
0.9629377230333565,2.076767676767677,,0.0018000000000000002
0.9494949494949494,2.0633249032292698,,0.0018000000000000002
0.948796308891942,2.0626262626262624,,0.0018000000000000002
0.9353535353535355,2.0491834890878557,,0.0018000000000000002
0.9346548947505281,2.0484848484848484,,0.0018000000000000002
0.9212121212121214,2.035042074946442,,0.0018000000000000002
0.9205134806091142,2.034343434343435,,0.0018000000000000002
0.907070707070707,2.0209006608050277,,0.0018000000000000002
0.9063720664676996,2.0202020202020203,,0.0018000000000000002
0.8929292929292929,2.0067592466636133,,0.0018000000000000002
0.8922306523262857,2.006060606060606,,0.0018000000000000002
0.8787878787878788,1.9926178325221993,,0.0018000000000000002
0.8780892381848717,1.9919191919191923,,0.0018000000000000002
0.8646464646464647,1.978476418380785,,0.0018000000000000002
0.8639478240434575,1.9777777777777779,,0.0018000000000000002
0.8505050505050504,1.964335004239371,,0.0018000000000000002
0.8498064099020428,1.9636363636363634,,0.0018000000000000002
0.8363636363636363,1.9501935900979568,,0.0018000000000000002
0.8356649957606289,1.9494949494949494,,0.0018000000000000002
0.8222222222222221,1.9360521759565426,,0.0018000000000000002
0.8215235816192149,1.9353535353535354,,0.0018000000000000002
0.8080808080808081,1.9219107618151288,,0.0018000000000000002
0.8073821674778006,1.9212121212121211,,0.0018000000000000002
0.793939393939394,1.907769347673714,,0.0018000000000000002
0.7932407533363868,1.907070707070707,,0.0018000000000000002
0.7797979797979797,1.8936279335323,,0.0018000000000000002
0.7790993391949725,1.892929292929293,,0.0018000000000000002
0.7656565656565656,1.879486519390886,,0.0018000000000000002
0.7649579250535582,1.8787878787878787,,0.0018000000000000002
0.7515151515151515,1.8653451052494718,,0.0018000000000000002
0.7508165109121444,1.8646464646464647,,0.0018000000000000002
0.7373737373737373,1.8512036911080578,,0.0018000000000000002
0.7366750967707302,1.8505050505050507,,0.0018000000000000002
0.7232323232323232,1.8370622769666436,,0.0018000000000000002
0.7225336826293158,1.8363636363636362,,0.0018000000000000002
0.709090909090909,1.8229208628252294,,0.0018000000000000002
0.7083922684879018,1.8222222222222222,,0.0018000000000000002
0.694949494949495,1.8087794486838153,,0.0018000000000000002
0.6942508543464874,1.808080808080808,,0.0018000000000000002
0.6808080808080808,1.7946380345424011,,0.0018000000000000002
0.6801094402050736,1.793939393939394,,0.0018000000000000002
0.6666666666666666,1.7804966204009873,,0.0018000000000000002
0.6659680260636592,1.77979797979798,,0.0018000000000000002
0.6525252525252524,1.7663552062595729,,0.0018000000000000002
0.651826611922245,1.7656565656565655,,0.0018000000000000002
0.6383838383838384,1.7522137921181586,,0.0018000000000000002
0.6376851977808312,1.7515151515151515,,0.0018000000000000002
0.6242424242424243,1.7380723779767449,,0.0018000000000000002
0.6235437836394168,1.7373737373737372,,0.0018000000000000002
0.6101010101010101,1.7239309638353306,,0.0018000000000000002
0.6094023694980027,1.7232323232323232,,0.0018000000000000002
0.5959595959595959,1.7097895496939166,,0.0018000000000000002
0.5952609553565885,1.7090909090909092,,0.0018000000000000002
0.5818181818181819,1.6956481355525024,,0.0018000000000000002
0.5811195412151744,1.6949494949494948,,0.0018000000000000002
0.5676767676767677,1.681506721411088,,0.0018000000000000002
0.5669781270737605,1.6808080808080808,,0.0018000000000000002
0.5535353535353535,1.6673653072696741,,0.0018000000000000002
0.5528367129323462,1.6666666666666665,,0.0018000000000000002
0.5393939393939394,1.65322389312826,,0.0018000000000000002
0.538695298790932,1.6525252525252525,,0.0018000000000000002
0.5252525252525252,1.639082478986846,,0.0018000000000000002
0.5245538846495178,1.6383838383838385,,0.0018000000000000002
0.5111111111111111,1.6249410648454317,,0.0018000000000000002
0.5104124705081036,1.624242424242424,,0.0018000000000000002
0.49696969696969695,1.6107996507040172,,0.0018000000000000002
0.4962710563666898,1.61010101010101,,0.0018000000000000002
0.48282828282828283,1.5966582365626034,,0.0018000000000000002
0.4821296422252754,1.595959595959596,,0.0018000000000000002
0.46868686868686865,1.5825168224211892,,0.0018000000000000002
0.46798822808386126,1.5818181818181818,,0.0018000000000000002
0.4545454545454546,1.5683754082797754,,0.0018000000000000002
0.453846813942447,1.5676767676767678,,0.0018000000000000002
0.4404040404040404,1.5542339941383607,,0.0018000000000000002
0.4397053998010329,1.5535353535353533,,0.0018000000000000002
0.4262626262626263,1.5400925799969467,,0.0018000000000000002
0.4255639856596189,1.5393939393939393,,0.0018000000000000002
0.4121212121212121,1.5259511658555327,,0.0018000000000000002
0.41142257151820466,1.525252525252525,,0.0018000000000000002
0.397979797979798,1.5118097517141185,,0.0018000000000000002
0.39728115737679043,1.511111111111111,,0.0018000000000000002
0.38383838383838387,1.4976683375727042,,0.0018000000000000002
0.3831397432353767,1.496969696969697,,0.0018000000000000002
0.36969696969696975,1.4835269234312902,,0.0018000000000000002
0.3689983290939622,1.4828282828282826,,0.0018000000000000002
0.35555555555555557,1.469385509289876,,0.0018000000000000002
0.3548569149525482,1.4686868686868686,,0.0018000000000000002
0.3414141414141414,1.455244095148462,,0.0018000000000000002
0.34071550081113394,1.4545454545454546,,0.0018000000000000002
0.32727272727272727,1.441102681007048,,0.0018000000000000002
0.3265740866697197,1.4404040404040404,,0.0018000000000000002
0.31313131313131315,1.4269612668656335,,0.0018000000000000002
0.31243267252830575,1.4262626262626261,,0.0018000000000000002
0.29898989898989903,1.4128198527242195,,0.0018000000000000002
0.2982912583868916,1.412121212121212,,0.0018000000000000002
0.28484848484848485,1.3986784385828053,,0.0018000000000000002
0.28414984424547746,1.3979797979797979,,0.0018000000000000002
0.27070707070707073,1.3845370244413913,,0.0018000000000000002
0.2700084301040632,1.3838383838383839,,0.0018000000000000002
0.2565656565656566,1.3703956102999773,,0.0018000000000000002
0.25586701596264905,1.3696969696969696,,0.0018000000000000002
0.24242424242424246,1.3562541961585628,,0.0018000000000000002
0.24172560182123504,1.3555555555555554,,0.0018000000000000002
0.2282828282828283,1.3421127820171488,,0.0018000000000000002
0.2275841876798209,1.3414141414141414,,0.0018000000000000002
0.21414141414141413,1.3279713678757346,,0.0018000000000000002
0.2134427735384067,1.3272727272727272,,0.0018000000000000002
0.2,1.3138299537343208,,0.0018000000000000002
1.3624111625174218,2.5999999999999996,,0.002
1.3595959595959595,2.5971847970785378,,0.002
1.3482697483760075,2.585858585858586,,0.002
1.3454545454545452,2.5830433829371238,,0.002
1.3341283342345935,2.5717171717171716,,0.002
1.3313131313131312,2.5689019687957098,,0.002
1.319986920093179,2.5575757575757576,,0.002
1.317171717171717,2.5547605546542953,,0.002
1.3058455059517653,2.5434343434343436,,0.002
1.3030303030303028,2.5406191405128817,,0.002
1.291704091810351,2.529292929292929,,0.002
1.288888888888889,2.526477726371467,,0.002
1.277562677668937,2.5151515151515147,,0.002
1.2747474747474747,2.512336312230053,,0.002
1.263421263527523,2.501010101010102,,0.002
1.2606060606060607,2.4981948980886393,,0.002
1.2492798493861088,2.4868686868686867,,0.002
1.2464646464646467,2.4840534839472244,,0.002
1.2351384352446946,2.4727272727272727,,0.002
1.2323232323232325,2.469912069805811,,0.002
1.2209970211032806,2.458585858585859,,0.002
1.218181818181818,2.455770655664397,,0.002
1.2068556069618661,2.4444444444444446,,0.002
1.2040404040404038,2.4416292415229823,,0.002
1.192714192820452,2.43030303030303,,0.002
1.1898989898989902,2.4274878273815683,,0.002
1.178572778679038,2.4161616161616157,,0.002
1.1757575757575758,2.413346413240154,,0.002
1.1644313645376239,2.4020202020202026,,0.002
1.1616161616161615,2.39920499909874,,0.002
1.1502899503962094,2.3878787878787877,,0.002
1.1474747474747473,2.3850635849573254,,0.002
1.1361485362547956,2.3737373737373737,,0.002
1.1333333333333333,2.3709221708159114,,0.002
1.1220071221133816,2.35959595959596,,0.002
1.1191919191919193,2.356780756674498,,0.002
1.1078657079719674,2.345454545454545,,0.002
1.1050505050505053,2.342639342533083,,0.002
1.093724293830553,2.3313131313131312,,0.002
1.0909090909090908,2.3284979283916694,,0.002
1.0795828796891391,2.3171717171717177,,0.002
1.0767676767676766,2.3143565142502553,,0.002
1.0654414655477247,2.303030303030303,,0.002
1.0626262626262626,2.300215100108841,,0.002
1.0513000514063107,2.2888888888888888,,0.002
1.0484848484848486,2.286073685967427,,0.002
1.0371586372648967,2.2747474747474747,,0.002
1.0343434343434343,2.2719322718260124,,0.002
1.0230172231234822,2.2606060606060607,,0.002
1.02020202020202,2.2577908576845984,,0.002
1.008875808982068,2.2464646464646463,,0.002
1.0060606060606059,2.243649443543184,,0.002
0.9947343948406542,2.2323232323232323,,0.002
0.9919191919191921,2.22950802940177,,0.002
0.98059298069924,2.2181818181818183,,0.002
0.9777777777777776,2.215366615260356,,0.002
0.9664515665578257,2.204040404040404,,0.002
0.9636363636363636,2.2012252011189415,,0.002
0.9523101524164117,2.18989898989899,,0.002
0.9494949494949493,2.1870837869775275,,0.002
0.9381687382749977,2.1757575757575762,,0.002
0.9353535353535355,2.172942372836114,,0.002
0.9240273241335836,2.1616161616161618,,0.002
0.9212121212121214,2.1588009586946995,,0.002
0.909885909992169,2.1474747474747473,,0.002
0.9070707070707071,2.1446595445532854,,0.002
0.8957444958507553,2.1333333333333337,,0.002
0.8929292929292929,2.130518130411871,,0.002
0.881603081709341,2.1191919191919193,,0.002
0.8787878787878787,2.116376716270457,,0.002
0.8674616675679268,2.105050505050505,,0.002
0.8646464646464646,2.1022353021290425,,0.002
0.8533202534265126,2.090909090909091,,0.002
0.8505050505050504,2.0880938879876285,,0.002
0.8391788392850985,2.076767676767677,,0.002
0.8363636363636362,2.0739524738462145,,0.002
0.8250374251436843,2.0626262626262624,,0.002
0.8222222222222221,2.0598110597048,,0.002
0.8108960110022703,2.0484848484848484,,0.002
0.808080808080808,2.045669645563386,,0.002
0.7967545968608565,2.034343434343435,,0.002
0.793939393939394,2.0315282314219725,,0.002
0.782613182719442,2.02020202020202,,0.002
0.7797979797979797,2.017386817280558,,0.002
0.7684717685780278,2.006060606060606,,0.002
0.7656565656565655,2.0032454031391436,,0.002
0.754330354436614,1.9919191919191925,,0.002
0.7515151515151516,1.9891039889977298,,0.002
0.7401889402951995,1.9777777777777779,,0.002
0.7373737373737373,1.9749625748563155,,0.002
0.7260475261537852,1.9636363636363634,,0.002
0.7232323232323232,1.9608211607149015,,0.002
0.7119061120123712,1.9494949494949494,,0.002
0.709090909090909,1.946679746573487,,0.002
0.6977646978709572,1.9353535353535352,,0.002
0.694949494949495,1.932538332432073,,0.002
0.6836232837295428,1.9212121212121211,,0.002
0.6808080808080808,1.9183969182906586,,0.002
0.6694818695881288,1.9070707070707067,,0.002
0.6666666666666666,1.9042555041492446,,0.002
0.6553404554467147,1.892929292929293,,0.002
0.6525252525252524,1.8901140900078306,,0.002
0.6411990413053006,1.8787878787878787,,0.002
0.6383838383838384,1.8759726758664164,,0.002
0.6270576271638865,1.8646464646464647,,0.002
0.6242424242424243,1.8618312617250024,,0.002
0.6129162130224723,1.8505050505050504,,0.002
0.6101010101010101,1.8476898475835883,,0.002
0.5987747988810581,1.8363636363636362,,0.002
0.5959595959595959,1.8335484334421737,,0.002
0.5846333847396441,1.822222222222222,,0.002
0.5818181818181819,1.8194070193007599,,0.002
0.5704919705982299,1.808080808080808,,0.002
0.5676767676767677,1.8052656051593456,,0.002
0.5563505564568157,1.793939393939394,,0.002
0.5535353535353535,1.7911241910179316,,0.002
0.5422091423154016,1.77979797979798,,0.002
0.5393939393939394,1.7769827768765176,,0.002
0.5280677281739874,1.7656565656565655,,0.002
0.5252525252525252,1.7628413627351032,,0.002
0.5139263140325733,1.7515151515151512,,0.002
0.5111111111111111,1.7486999485936892,,0.002
0.4997848998911591,1.737373737373737,,0.002
0.4969696969696969,1.7345585344522747,,0.002
0.4856434857497451,1.723232323232323,,0.002
0.4828282828282828,1.720417120310861,,0.002
0.47150207160833085,1.7090909090909092,,0.002
0.4686868686868686,1.706275706169447,,0.002
0.4573606574669168,1.6949494949494948,,0.002
0.4545454545454546,1.6921342920280324,,0.002
0.44321924332550267,1.6808080808080808,,0.002
0.4404040404040404,1.6779928778866184,,0.002
0.42907782918408854,1.6666666666666665,,0.002
0.4262626262626263,1.6638514637452044,,0.002
0.4149364150426743,1.6525252525252523,,0.002
0.41212121212121205,1.6497100496037902,,0.002
0.4007950009012602,1.6383838383838385,,0.002
0.397979797979798,1.6355686354623762,,0.002
0.386653586759846,1.6242424242424238,,0.002
0.38383838383838387,1.6214272213209617,,0.002
0.372512172618432,1.61010101010101,,0.002
0.36969696969696975,1.6072858071795477,,0.002
0.3583707584770178,1.595959595959596,,0.002
0.35555555555555557,1.5931443930381337,,0.002
0.3442293443356036,1.5818181818181816,,0.002
0.3414141414141414,1.5790029788967195,,0.002
0.33008793019418947,1.5676767676767678,,0.002
0.32727272727272727,1.5648615647553052,,0.002
0.31594651605277513,1.5535353535353533,,0.002
0.31313131313131315,1.5507201506138915,,0.002
0.30180510191136123,1.539393939393939,,0.002
0.29898989898989903,1.536578736472477,,0.002
0.28766368776994705,1.5252525252525253,,0.002
0.28484848484848485,1.5224373223310632,,0.002
0.27352227362853293,1.511111111111111,,0.002
0.27070707070707073,1.5082959081896488,,0.002
0.25938085948711886,1.496969696969697,,0.002
0.2565656565656566,1.4941544940482347,,0.002
0.24523944534570444,1.4828282828282826,,0.002
0.2424242424242425,1.4800130799068207,,0.002
0.2310980312042905,1.4686868686868686,,0.002
0.2282828282828283,1.4658716657654063,,0.002
0.21695661706287633,1.4545454545454546,,0.002
0.21414141414141413,1.4517302516239923,,0.002
0.20281520292146202,1.4404040404040406,,0.002
0.2,1.4375888374825785,,0.002
